{"01":{"r":"white","tx":30935,"inc":57429,"pa":0.014514304186196864,"pb":0.13735251333441087,"ph":0.019363180863100047,"pw":0.7678357847098756,"pm":0.0041700339421367385,"pu":0.056764182964279944},"02":{"r":"white","tx":7205,"inc":79103,"pa":0.030117973629424012,"pb":0.01734906315058987,"ph":0.05510062456627342,"pw":0.7626648160999306,"pm":0.05690492713393477,"pu":0.07786259541984733},"04":{"r":"white","tx":65800,"inc":60346,"pa":0.0335258358662614,"pb":0.023814589665653495,"ph":0.16442249240121581,"pw":0.680516717325228,"pm":0.01,"pu":0.08772036474164134},"05":{"r":"white","tx":23399,"inc":53012,"pa":0.014188640540194026,"pb":0.07611436386170349,"ph":0.044232659515363905,"pw":0.829266207957605,"pm":0.005299371768024274,"pu":0.03089875635710928},"06":{"r":"white","tx":287459,"inc":85683,"pa":0.154835994002623,"pb":0.02724214583644972,"ph":0.23381073474825975,"pw":0.4718238079169551,"pm":0.012311320918809291,"pu":0.09997599657690315},"08":{"r":"white","tx":58277,"inc":68647,"pa":0.02503560581361429,"pb":0.021672357877035538,"ph":0.08312027043258918,"pw":0.7595792508193627,"pm":0.00571408960653431,"pu":0.10487842545086398},"09":{"r":"white","tx":26956,"inc":88030,"pa":0.04332987090072711,"pb":0.04629767027748924,"ph":0.06343671167829054,"pw":0.7560468912301529,"pm":0.003895236682000297,"pu":0.08699361923133996},"10":{"r":"white","tx":6847,"inc":66428,"pa":0.04264641448809698,"pb":0.1361180078866657,"ph":0.039725427194391705,"pw":0.6817584343508106,"pm":0.0051117277639842265,"pu":0.09463998831605082},"11":{"r":"white","tx":5990,"inc":113757,"pa":0.045909849749582635,"pb":0.14641068447412353,"ph":0.04273789649415693,"pw":0.5465776293823038,"pm":0.0035058430717863106,"pu":0.21485809682804674},"12":{"r":"white","tx":119260,"inc":64506,"pa":0.02627033372463525,"pb":0.0790793224886802,"ph":0.1513248364916988,"pw":0.6491614958913299,"pm":0.0059953043769914475,"pu":0.08816870702666443},"13":{"r":"white","tx":69233,"inc":62049,"pa":0.04645183655193333,"pb":0.19057385928675633,"ph":0.04350526483035547,"pw":0.6054771568471683,"pm":0.0044343015613941324,"pu":0.1095575809223925},"15":{"r":"asian","tx":6677,"inc":87898,"pa":0.44720682941440765,"pb":0.01572562528081474,"ph":0.033248464879436876,"pw":0.32005391642953424,"pm":0.11022914482552044,"pu":0.07353601917028606},"16":{"r":"white","tx":14563,"inc":52880,"pa":0.010162741193435418,"pb":0.0039826958731030695,"ph":0.052599052393050884,"pw":0.8761930920826753,"pm":0.007347387214172904,"pu":0.049715031243562455},"17":{"r":"white","tx":87461,"inc":71291,"pa":0.05397834463360812,"pb":0.05838030665096443,"ph":0.07914384697179314,"pw":0.7477618595716948,"pm":0.0043447936794685635,"pu":0.05639084849247093},"18":{"r":"white","tx":51978,"inc":54026,"pa":0.017719034976336142,"pb":0.039593674246796724,"ph":0.029069991150101965,"pw":0.859902266343453,"pm":0.0049443995536573165,"pu":0.04877063372965485},"19":{"r":"white","tx":28378,"inc":55294,"pa":0.015645922898019592,"pb":0.010395376700260766,"ph":0.02572415251250969,"pw":0.8894918598914652,"pm":0.002924800902107266,"pu":0.05581788709563747},"20":{"r":"white","tx":25919,"inc":61780,"pa":0.02530961842663683,"pb":0.02284038736062348,"ph":0.04668389984181488,"pw":0.8254948107565878,"pm":0.005555769898530036,"pu":0.07411551371580694},"21":{"r":"white","tx":28766,"inc":55443,"pa":0.014461517068761733,"pb":0.03542376416602934,"ph":0.021553222554404505,"pw":0.8640061183341444,"pm":0.004832093443648752,"pu":0.05972328443301119},"22":{"r":"white","tx":29360,"inc":62802,"pa":0.018222070844686647,"pb":0.14833106267029972,"ph":0.02356948228882834,"pw":0.756232970027248,"pm":0.004393732970027248,"pu":0.04925068119891008},"23":{"r":"white","tx":8721,"inc":58031,"pa":0.008141268203187708,"pb":0.004930627221648894,"ph":0.007223942208462332,"pw":0.9175553262240569,"pm":0.003669303978901502,"pu":0.05847953216374269},"24":{"r":"white","tx":48665,"inc":86963,"pa":0.07323538477345115,"pb":0.18125963217918423,"ph":0.039330114045001544,"pw":0.5860063700811672,"pm":0.005794718997225933,"pu":0.11437377992396999},"25":{"r":"white","tx":51679,"inc":86391,"pa":0.06803537220147449,"pb":0.031057102498113352,"ph":0.049265659165231526,"pw":0.7696162851448364,"pm":0.0030573347007488536,"pu":0.07896824628959538},"26":{"r":"white","tx":55996,"inc":55169,"pa":0.02585898992785199,"pb":0.05584327451960854,"ph":0.02251946567611972,"pw":0.8396671190799343,"pm":0.004161011500821488,"pu":0.05195013929566398},"27":{"r":"white","tx":48934,"inc":60872,"pa":0.04295581804062615,"pb":0.024134548575632485,"ph":0.020435688887072385,"pw":0.8561940573016716,"pm":0.005762864266154412,"pu":0.05051702292884293},"28":{"r":"white","tx":14961,"inc":54935,"pa":0.014170175790388343,"pb":0.17157943987701357,"ph":0.013568611723815254,"pw":0.7655236949401778,"pm":0.002539937169975269,"pu":0.03261814049862977},"29":{"r":"white","tx":49479,"inc":56436,"pa":0.01707795226257604,"pb":0.04899048081004062,"ph":0.01869479981406253,"pw":0.8354857616362498,"pm":0.004001697689929061,"pu":0.07574930778714202},"30":{"r":"white","tx":7282,"inc":57551,"pa":0.005355671518813513,"pb":0.0031584729469925845,"ph":0.014144465806097226,"pw":0.9410876132930514,"pm":0.014281790716836034,"pu":0.021971985718209283},"31":{"r":"white","tx":18087,"inc":57380,"pa":0.019185050035937415,"pb":0.01863216674959916,"ph":0.04400950959252502,"pw":0.8564714988665892,"pm":0.004367777962072206,"pu":0.05733399679327694},"32":{"r":"white","tx":32554,"inc":58843,"pa":0.07357006819438472,"pb":0.042513976777047366,"ph":0.16593966947226146,"pw":0.6207532100509922,"pm":0.02055046998832709,"pu":0.07667260551698717},"33":{"r":"white","tx":9501,"inc":72790,"pa":0.02368171771392485,"pb":0.006420376802441848,"ph":0.014103778549626356,"pw":0.8802231344069046,"pm":0.004210083149142196,"pu":0.07136090937796022},"34":{"r":"white","tx":60771,"inc":95552,"pa":0.1054943969985684,"pb":0.06118049727666157,"ph":0.0843000773395205,"pw":0.6338878741504994,"pm":0.005380856000394925,"pu":0.1097562982343552},"35":{"r":"white","tx":12961,"inc":62420,"pa":0.017282617082015277,"pb":0.015893835352210478,"ph":0.2945760357997068,"pw":0.5924697168428362,"pm":0.01843993519018594,"pu":0.06133785973304529},"36":{"r":"white","tx":96950,"inc":87530,"pa":0.09282104177411037,"pb":0.05260443527591542,"ph":0.05150077359463641,"pw":0.7076121712222795,"pm":0.005384218669417225,"pu":0.09007735946364105},"37":{"r":"white","tx":74969,"inc":61543,"pa":0.028251677359975455,"pb":0.11347356907521776,"ph":0.04045672211180621,"pw":0.7327828835918846,"pm":0.006616067974762902,"pu":0.07841907988635302},"38":{"r":"white","tx":6474,"inc":59147,"pa":0.0091133765832561,"pb":0.005560704355885079,"ph":0.010812480691998765,"pw":0.9142724745134384,"pm":0.009576768612913192,"pu":0.050664195242508495},"39":{"r":"white","tx":82156,"inc":58591,"pa":0.020655825502702178,"pb":0.053860947465796775,"ph":0.0160304786016846,"pw":0.8475339597838258,"pm":0.0047470665563075125,"pu":0.05717172208968304},"40":{"r":"white","tx":34199,"inc":55867,"pa":0.0217842626977397,"pb":0.03742799497061318,"ph":0.043129916079417525,"pw":0.7843796602239832,"pm":0.05643439866662768,"pu":0.05684376736161876},"41":{"r":"white","tx":28100,"inc":67323,"pa":0.04601423487544484,"pb":0.008576512455516013,"ph":0.0399644128113879,"pw":0.8137010676156584,"pm":0.010569395017793594,"pu":0.08117437722419929},"42":{"r":"white","tx":94022,"inc":66307,"pa":0.030982110569866626,"pb":0.04703154580842781,"ph":0.03535342792112484,"pw":0.8085554444704431,"pm":0.0038501627278722003,"pu":0.07422730850226543},"44":{"r":"white","tx":7364,"inc":68160,"pa":0.025529603476371537,"pb":0.029060293318848452,"ph":0.07278652906029331,"pw":0.8040467137425312,"pm":0.0025801195002715916,"pu":0.06599674090168386},"45":{"r":"white","tx":34243,"inc":58121,"pa":0.014747539643138744,"pb":0.11418392080133166,"ph":0.02327482989224075,"pw":0.7488829833834653,"pm":0.004176035978156119,"pu":0.09473469030166749},"46":{"r":"white","tx":7823,"inc":55306,"pa":0.008820145724146747,"pb":0.006774894541735907,