{"01":{"r":"white","tx":34615,"inc":64880,"pa":0.01698685540950455,"pb":0.11827242524916944,"ph":0.018893543261591796,"pw":0.7975155279503106,"pm":0.004506716741297125,"pu":0.043824931388126535},"02":{"r":"white","tx":7761,"inc":86279,"pa":0.03569127689730705,"pb":0.01623502126014689,"ph":0.03156809689473006,"pw":0.7572477773482799,"pm":0.07395954129622472,"pu":0.08529828630331143},"04":{"r":"white","tx":66818,"inc":73999,"pa":0.03620281959950911,"pb":0.02155107905055524,"ph":0.16088479152324223,"pw":0.7024454488311532,"pm":0.009129276542249095,"pu":0.06978658445329103},"05":{"r":"white","tx":23020,"inc":63028,"pa":0.017072111207645527,"pb":0.06211989574283232,"ph":0.0473501303214596,"pw":0.847002606429192,"pm":0.00634231103388358,"pu":0.020112945264986967},"06":{"r":"white","tx":260432,"inc":110485,"pa":0.1709390551084352,"pb":0.024278890458929777,"ph":0.18650933833015912,"pw":0.5040317626098175,"pm":0.010904957916077901,"pu":0.10333599557658045},"08":{"r":"white","tx":75514,"inc":82897,"pa":0.028590724898694284,"pb":0.01881770267764918,"ph":0.08088566358556029,"pw":0.7815239558227614,"pm":0.006303466906798739,"pu":0.08387848610853617},"09":{"r":"white","tx":28015,"inc":105981,"pa":0.04590398001070855,"pb":0.042263073353560596,"ph":0.0626093164376227,"pw":0.7614492236301981,"pm":0.004069248616812422,"pu":0.08370515795109762},"10":{"r":"white","tx":7678,"inc":71519,"pa":0.042198489189893204,"pb":0.12750716332378226,"ph":0.03724928366762178,"pw":0.725449335764522,"pm":0.003777025266996614,"pu":0.06381870278718416},"11":{"r":"white","tx":6376,"inc":133375,"pa":0.062107904642409034,"pb":0.12531367628607276,"ph":0.050188205771643665,"pw":0.5575595984943539,"pm":0.005018820577164366,"pu":0.19981179422835635},"12":{"r":"white","tx":148532,"inc":78509,"pa":0.028687420892467615,"pb":0.05913203888724315,"ph":0.16135243583874181,"pw":0.6713772116446287,"pm":0.004908033285756605,"pu":0.07454285945116204},"13":{"r":"white","tx":77645,"inc":75236,"pa":0.058381093438083585,"pb":0.1442848863416833,"ph":0.05011269238199498,"pw":0.6556635971408333,"pm":0.0043145083392362674,"pu":0.08724322235816859},"15":{"r":"asian","tx":7706,"inc":98010,"pa":0.4034518556968596,"pb":0.01803789255125876,"ph":0.03763301323643914,"pw":0.37620036335323126,"pm":0.08824292758889177,"pu":0.07643394757331949},"16":{"r":"white","tx":16980,"inc":61009,"pa":0.014016489988221437,"pb":0.00447585394581861,"ph":0.0486454652532391,"pw":0.8757950530035336,"pm":0.007361601884570083,"pu":0.0497055359246172},"17":{"r":"white","tx":104943,"inc":86222,"pa":0.062433892684600215,"pb":0.04925531002544238,"ph":0.09118283258530821,"pw":0.7352467529992472,"pm":0.0032398540159896323,"pu":0.058641357689412345},"18":{"r":"white","tx":59457,"inc":62818,"pa":0.020989959130127654,"pb":0.032325882570597236,"ph":0.03098037236994803,"pw":0.8666431202381553,"pm":0.0038178851943421297,"pu":0.04524278049682964},"19":{"r":"white","tx":29197,"inc":66108,"pa":0.020036305099839023,"pb":0.010275028256327704,"ph":0.025858821111758058,"pw":0.8982087200739802,"pm":0.002568757064081926,"pu":0.04305236839401309},"20":{"r":"white","tx":25833,"inc":72723,"pa":0.05775558394301862,"pb":0.019161537568226687,"ph":0.047381256532342354,"pw":0.8107459451089691,"pm":0.0068517013122749975,"pu":0.0581039755351682},"21":{"r":"white","tx":32991,"inc":63341,"pa":0.013852262738322572,"pb":0.03282713467309266,"ph":0.020399502894728864,"pw":0.881482828650238,"pm":0.00484980752326392,"pu":0.046588463520354034},"22":{"r":"white","tx":33737,"inc":71638,"pa":0.01902955212378101,"pb":0.12573732104217922,"ph":0.024542786851231586,"pw":0.7901710288407386,"pm":0.004979695882858582,"pu":0.035539615259210955},"23":{"r":"white","tx":9454,"inc":67785,"pa":0.009837105986883858,"pb":0.0053945419928072775,"ph":0.008356251322191664,"pw":0.9172836894436217,"pm":0.003279035328961286,"pu":0.05584937592553416},"24":{"r":"white","tx":51902,"inc":96860,"pa":0.08246310354128936,"pb":0.16615930021964473,"ph":0.05377442102423799,"pw":0.5810180725212901,"pm":0.005259912912797195,"pu":0.11132518978074063},"25":{"r":"white","tx":59930,"inc":103820,"pa":0.07910896045386284,"pb":0.026597697313532453,"ph":0.04573669280827632,"pw":0.751009511096279,"pm":0.0029367595528116135,"pu":0.09461037877523777},"26":{"r":"white","tx":80819,"inc":67361,"pa":0.02981972061025254,"pb":0.039532783132679196,"ph":0.02274217696333783,"pw":0.8518046498966827,"pm":0.004726611316645838,"pu":0.05137405808040189},"27":{"r":"white","tx":59029,"inc":75693,"pa":0.045130359653729524,"pb":0.018516322485557946,"ph":0.019685239458571212,"pw":0.8561215673651934,"pm":0.004455437158007081,"pu":0.05609107387894086},"28":{"r":"white","tx":15265,"inc":62594,"pa":0.014870619063216508,"pb":0.15610874549623321,"ph":0.014346544382574516,"pw":0.7859810022928267,"pm":0.004061578774975434,"pu":0.0246315099901736},"29":{"r":"white","tx":52411,"inc":66849,"pa":0.019537883268779456,"pb":0.03747304955066685,"ph":0.019347083627482782,"pw":0.8658869321325676,"pm":0.0041212722520081665,"pu":0.05363377916849516},"30":{"r":"white","tx":9270,"inc":65633,"pa":0.007551240560949299,"pb":0.0030204962243797194,"ph":0.012513484358144552,"pw":0.9234088457389428,"pm":0.011758360302049622,"pu":0.04174757281553398},"31":{"r":"white","tx":17651,"inc":69386,"pa":0.02334145374199762,"pb":0.015466545804770268,"ph":0.04560648121919438,"pw":0.8553056484051895,"pm":0.004532321114950995,"pu":0.055747549713897226},"32":{"r":"white","tx":25444,"inc":71481,"pa":0.08705392233925484,"pb":0.03824084263480585,"ph":0.15689357019336583,"pw":0.6361814180160353,"pm":0.018275428391762303,"pu":0.06335481842477599},"33":{"r":"white","tx":11404,"inc":84055,"pa":0.022535952297439495,"pb":0.006050508593475974,"ph":0.015959312521922134,"pw":0.8827604349351105,"pm":0.0025429673798667133,"pu":0.07015082427218519},"34":{"r":"white","tx":62203,"inc":110345,"pa":0.12539588122759351,"pb":0.048389949037827756,"ph":0.08235937173448225,"pw":0.6603379258235134,"pm":0.004163786312557272,"pu":0.07935308586402585},"35":{"r":"white","tx":13253,"inc":70305,"pa":0.020599109635554214,"pb":0.016147287406624914,"ph":0.296989360899419,"pw":0.5815287104806459,"pm":0.02293820267109334,"pu":0.06179732890666264},"36":{"r":"white","tx":103812,"inc":104629,"pa":0.09712749971101607,"pb":0.05147767117481601,"ph":0.05705506107193773,"pw":0.7046776865872925,"pm":0.004180634223403846,"pu":0.08548144723153393},"37":{"r":"white","tx":85106,"inc":73632,"pa":0.035203158414212864,"pb":0.08952365285643786,"ph":0.04246469109110991,"pw":0.7635889361502127,"pm":0.005792776067492304,"pu":0.0634267854205344},"38":{"r":"white","tx":8415,"inc":72881,"pa":0.009982174688057042,"pb":0.008318478906714201,"ph":0.01140819964349376,"pw":0.9315508021390374,"pm":0.009387997623291741,"pu":0.029352346999405823},"39":{"r":"white","tx":94515,"inc":69636,"pa":0.02294873829550865,"pb":0.040967042268423,"ph":0.01737290377188806,"pw":0.84910331693382,"pm":0.0038406602126646564,"pu":0.0657673385176956},"40":{"r":"white","tx":33350,"inc":67435,"pa":0.022038980509745128,"pb":0.03088455772113943,"ph":0.0455472263868066,"pw":0.7820389805097451,"pm":0.07295352323838081,"pu":0.046536731634182905},"41":{"r":"white","tx":36543,"inc":77270,"pa":0.04769723339627288,"pb":0.007853761322277865,"ph":0.04274416440905235,"pw":0.8050242180444955,"pm":0.011000738855594779,"pu":0.0856798839723066},"42":{"r":"white","tx":92005,"inc":76598,"pa":0.03587848486495299,"pb":0.037487093092766696,"ph":0.0325851855877398,"pw":0.8242595511113526,"pm":0.0026302918319656542,"pu":0.06715939351122222},"44":{"r":"white","tx":7857,"inc":77697,"pa":0.02456408298332697,"pb":0.02787323405880107,"ph":0.07394679903270969,"pw":0.8213058419243986,"pm":0.002290950744558992,"pu":0.050019091256204656},"45":{"r":"white","tx":42434,"inc":68053,"pa":0.016401941839091296,"pb":0.08568600650421831,"ph":0.02389593250695197,"pw":0.7997831927228166,"pm":0.003629165291982844,"pu":0.07060376113493896},"46":{"r":"white","tx":8382,"inc":63979,"pa":0.012646146504414221,