{"01":{"r":"white","tx":68791,"inc":75405,"pa":0.018505327731825384,"pb":0.12687706240641944,"ph":0.02469799828465933,"pw":0.7245133811109011,"pm":0.012167289325638528,"pu":0.09323894114055618},"02":{"r":"white","tx":9217,"inc":91208,"pa":0.0401432136269936,"pb":0.016708256482586524,"ph":0.04111967017467723,"pw":0.6690897255072149,"pm":0.05500705218617771,"pu":0.17793208202235},"04":{"r":"white","tx":138999,"inc":87606,"pa":0.033453478082576135,"pb":0.02597140986625803,"ph":0.16626018892222247,"pw":0.6103425204497874,"pm":0.023446211843250672,"pu":0.14052619083590528},"05":{"r":"white","tx":41243,"inc":71449,"pa":0.021239967994568777,"pb":0.06030114201197779,"ph":0.05356060422374706,"pw":0.732997114661882,"pm":0.015275319448148778,"pu":0.11662585165967558},"06":{"r":"white","tx":386588,"inc":141279,"pa":0.15713110598363114,"pb":0.031033037755957248,"ph":0.20074860057735885,"pw":0.4079122993988432,"pm":0.03547187186358604,"pu":0.1677030844206235},"08":{"r":"white","tx":120490,"inc":105102,"pa":0.03250892190223255,"pb":0.021088887044568013,"ph":0.10346086812183583,"pw":0.6709685451074778,"pm":0.025122416798074528,"pu":0.14685036102581128},"09":{"r":"white","tx":41739,"inc":104715,"pa":0.04393972064496035,"pb":0.0686647979108268,"ph":0.10879513165145308,"pw":0.6161144253575792,"pm":0.017513596396655406,"pu":0.1449723280385251},"10":{"r":"white","tx":16628,"inc":95283,"pa":0.0406543180178013,"pb":0.14361318258359393,"ph":0.05117873466442146,"pw":0.6353740678373827,"pm":0.0180418571084917,"pu":0.11113783978830888},"11":{"r":"white","tx":9044,"inc":164063,"pa":0.06015037593984962,"pb":0.1323529411764706,"ph":0.04655019902697921,"pw":0.48297213622291024,"pm":0.04157452454666077,"pu":0.2363998230871296},"12":{"r":"white","tx":365185,"inc":91846,"pa":0.028684091624792914,"pb":0.07503046401139149,"ph":0.1935703821350822,"pw":0.5666525185864699,"pm":0.016230129934142967,"pu":0.11983241370812055},"13":{"r":"white","tx":162433,"inc":84881,"pa":0.056244728595790265,"pb":0.1876896935967445,"ph":0.06635351190952578,"pw":0.5226831986111197,"pm":0.015286302660173733,"pu":0.15174256462664606},"15":{"r":"Highly Diverse","tx":13859,"inc":128450,"pa":0.30290785770979145,"pb":0.017678043148856338,"ph":0.03845876325853236,"pw":0.3128652860956779,"pm":0.11313947615268057,"pu":0.21495057363446135},"16":{"r":"white","tx":38985,"inc":79057,"pa":0.012235475182762601,"pb":0.0034372194433756574,"ph":0.0573810439912787,"pw":0.7956649993587277,"pm":0.02254713351288957,"pu":0.10873412851096576},"17":{"r":"white","tx":153872,"inc":90433,"pa":0.059523500051991265,"pb":0.06849849225330144,"ph":0.12358323801601331,"pw":0.6261048143911823,"pm":0.016026307580326506,"pu":0.10626364770718519},"18":{"r":"white","tx":100395,"inc":70253,"pa":0.03136610388963594,"pb":0.04524129687733453,"ph":0.04417550674834404,"pw":0.7850092136062553,"pm":0.013078340554808507,"pu":0.0811295383236217},"19":{"r":"white","tx":48727,"inc":74129,"pa":0.020460935415683296,"pb":0.01563814722843598,"ph":0.0364684876967595,"pw":0.8100026679253802,"pm":0.013688509450612597,"pu":0.10374125228312846},"20":{"r":"white","tx":37719,"inc":81493,"pa":0.027598822874413426,"pb":0.022694132930353404,"ph":0.0596251226172486,"pw":0.7329197486677802,"pm":0.021792730454147778,"pu":0.13536944245605662},"21":{"r":"white","tx":58297,"inc":70322,"pa":0.01857728528054617,"pb":0.04118565277801602,"ph":0.03140813420930751,"pw":0.7905552601334546,"pm":0.011647254575707155,"pu":0.10662641302296859},"22":{"r":"white","tx":53360,"inc":77880,"pa":0.01881559220389805,"pb":0.16842203898050975,"ph":0.03170914542728636,"pw":0.6576649175412294,"pm":0.013362068965517242,"pu":0.11002623688155921},"23":{"r":"white","tx":19498,"inc":85828,"pa":0.010770335419017335,"pb":0.0076418094163503945,"ph":0.008205969843060826,"pw":0.8142373576777105,"pm":0.0124115293876295,"pu":0.1467329982562314},"24":{"r":"white","tx":87469,"inc":103868,"pa":0.06777258228629572,"pb":0.20168288193531422,"ph":0.07971967211240553,"pw":0.4752998205078371,"pm":0.02496884610547737,"pu":0.1505561970526701},"25":{"r":"white","tx":87558,"inc":125667,"pa":0.07479613513328308,"pb":0.04158386440987688,"ph":0.07733159734119098,"pw":0.6290801525845725,"pm":0.021540007766280636,"pu":0.1556682427647959},"26":{"r":"white","tx":132925,"inc":76507,"pa":0.028956178296031598,"pb":0.04981004325747602,"ph":0.025322550310325372,"pw":0.7670641339100996,"pm":0.013090088395711868,"pu":0.11575700583035546},"27":{"r":"white","tx":91900,"inc":86985,"pa":0.04889009793253536,"pb":0.03512513601741023,"ph":0.03372143634385201,"pw":0.749031556039173,"pm":0.023710554951033733,"pu":0.10952121871599564},"28":{"r":"white","tx":31467,"inc":68320,"pa":0.012616391775510853,"pb":0.19963771570216418,"ph":0.02412050719801697,"pw":0.6623128992277624,"pm":0.010932087583817968,"pu":0.09038039851272762},"29":{"r":"white","tx":92703,"inc":75694,"pa":0.020010139909172303,"pb":0.0454677842141031,"ph":0.0250369459456544,"pw":0.7737182183963841,"pm":0.015263799445541137,"pu":0.12050311208914491},"30":{"r":"white","tx":16064,"inc":86614,"pa":0.0063496015936254984,"pb":0.0022410358565737054,"ph":0.014255478087649402,"pw":0.8609935258964143,"pm":0.017617031872509962,"pu":0.09854332669322709},"31":{"r":"white","tx":27238,"inc":79081,"pa":0.027498347896321315,"pb":0.019972097804537778,"ph":0.06590058007195829,"pw":0.7497613628019678,"pm":0.018980835597327262,"pu":0.11788677582788751},"32":{"r":"white","tx":55218,"inc":88590,"pa":0.08843130863124343,"pb":0.05228367561302474,"ph":0.16994458328805825,"pw":0.4988047375855699,"pm":0.03681770437176283,"pu":0.15371799051034082},"33":{"r":"white","tx":21075,"inc":101570,"pa":0.019027283511269276,"pb":0.0065005931198102015,"ph":0.024483985765124554,"pw":0.7848635824436536,"pm":0.015183867141162514,"pu":0.14994068801897983},"34":{"r":"white","tx":106251,"inc":122109,"pa":0.10146728030795005,"pb":0.06692642892772774,"ph":0.11435186492362424,"pw":0.5579335723899069,"pm":0.017693951115754204,"pu":0.14162690233503686},"35":{"r":"white","tx":26961,"inc":78721,"pa":0.0204369274136716,"pb":0.013983160861985831,"ph":0.3297726345461964,"pw":0.4899669893549943,"pm":0.02455398538629873,"pu":0.12128630243685323},"36":{"r":"white","tx":147600,"inc":122866,"pa":0.10590108401084011,"pb":0.0571070460704607,"ph":0.0735840108401084,"pw":0.6092411924119241,"pm":0.018238482384823847,"pu":0.1359281842818428},"37":{"r":"white","tx":171370,"inc":87208,"pa":0.04150084612242516,"pb":0.10314524129077435,"ph":0.057839761918655544,"pw":0.6581256929450896,"pm":0.01844546886853008,"pu":0.1209429888545253},"38":{"r":"white","tx":9888,"inc":81744,"pa":0.010416666666666666,"pb":0.008798543689320388,"ph":0.017597087378640776,"pw":0.8332322006472492,"pm":0.016383495145631068,"pu":0.11357200647249191},"39":{"r":"white","tx":155773,"inc":77178,"pa":0.029780513952995705,"pb":0.05480410597471962,"ph":0.023033516719842335,"pw":0.7812714655299698,"pm":0.013449057282070706,"pu":0.09766134054040174},"40":{"r":"white","tx":53455,"inc":75227,"pa":0.028360303058647462,"pb":0.02918342531100926,"ph":0.06489570666916097,"pw":0.635730988682069,"pm":0.05556075203442148,"pu":0.1862688242446918},"41":{"r":"white","tx":63289,"inc":96827,"pa":0.04806522460459164,"pb":0.008879900140624753,"ph":0.05356381045679344,"pw":0.7067894894847446,"pm":0.03115865316247689,"pu":0.1515429221507687},"42":{"r":"white","tx":148525,"inc":85375,"pa":0.05063793974078438,"pb":0.0500656455142232,"ph":0.0505302137687258,"pw":0.7080491499747518,"pm":0.013425349267800034,"pu":0.12729170173371487},"44":{"r":"white","tx":14349,"inc":94528,"pa":0.02460101749250819,"pb":0.03972402257997073,"ph":0.10488535786465956,"pw":0.7052756289636909,"pm":0.015053313819778381,"pu":0.11046065927939229},"45":{"r":"white","tx":91947,"inc":81511,"pa":0.019065331114663884,"pb":0.11553394890534764,"ph":0.03497667134327384,"pw":0.6962380501810825,"pm":0.01302924510859517,"pu":0.12115675334703688},"46":{"r":"white","tx":12084,"inc":74775,"pa":0.010923535253227408,"pb":0.011585567692816948,