{"01":{"r":"white","tx":46334,"inc":66960,"pa":0.01821556524366556,"pb":0.13180385893728147,"ph":0.024431303146717313,"pw":0.7785643372037813,"pm":0.005374023395346829,"pu":0.04161091207320758},"02":{"r":"white","tx":8749,"inc":87326,"pa":0.04731969367927763,"pb":0.022745456623614126,"ph":0.043662132815178875,"pw":0.7172248256943651,"pm":0.083666704766259,"pu":0.0853811864213053},"04":{"r":"white","tx":100367,"inc":75961,"pa":0.03282951567746371,"pb":0.027279882830013848,"ph":0.19242380463698228,"pw":0.6690744965974872,"pm":0.009903653591319856,"pu":0.06848864666673309},"05":{"r":"white","tx":28837,"inc":66164,"pa":0.019558206470853417,"pb":0.0685577556611298,"ph":0.05593508339979887,"pw":0.8145784929084162,"pm":0.007733120643617575,"pu":0.03363734091618407},"06":{"r":"white","tx":317879,"inc":119457,"pa":0.15626386140638418,"pb":0.03407585905328757,"ph":0.2211155817150551,"pw":0.4736707992663875,"pm":0.012205902245823096,"pu":0.10266799631306252},"08":{"r":"white","tx":95156,"inc":89701,"pa":0.03549960065576527,"pb":0.02323552902602043,"ph":0.10277859514901845,"pw":0.7419395518937324,"pm":0.007429904577746017,"pu":0.08911681869771743},"09":{"r":"white","tx":33366,"inc":103099,"pa":0.0435772942516334,"pb":0.05856260864352934,"ph":0.08772403045015885,"pw":0.7238805970149254,"pm":0.004705388719055326,"pu":0.08155008092069771},"10":{"r":"white","tx":10733,"inc":75405,"pa":0.04332432684244853,"pb":0.15084319388800893,"ph":0.059256498649026365,"pw":0.6727848690953135,"pm":0.004192676791204696,"pu":0.06959843473399795},"11":{"r":"white","tx":7080,"inc":146297,"pa":0.05903954802259887,"pb":0.13206214689265536,"ph":0.05564971751412429,"pw":0.510593220338983,"pm":0.0038135593220338985,"pu":0.23884180790960452},"12":{"r":"white","tx":248376,"inc":78423,"pa":0.026270654169484976,"pb":0.07791010403581666,"ph":0.1970681547331465,"pw":0.6157599768093536,"pm":0.005354784681289658,"pu":0.07763632557090862},"13":{"r":"white","tx":123923,"inc":77599,"pa":0.05835881958958385,"pb":0.1808945877682109,"ph":0.06437061723812368,"pw":0.5855975081300485,"pm":0.004986967713822293,"pu":0.10579149956021078},"15":{"r":"Highly Diverse","tx":9964,"inc":107783,"pa":0.3728422320353272,"pb":0.025792854275391408,"ph":0.046868727418707345,"pw":0.3550782818145323,"pm":0.08781613809714973,"pu":0.111601766358892},"16":{"r":"white","tx":27536,"inc":65697,"pa":0.01336432306798373,"pb":0.004140034863451482,"ph":0.06072051133062173,"pw":0.8541908773968623,"pm":0.008171121441022661,"pu":0.059413131900058105},"17":{"r":"white","tx":133532,"inc":86856,"pa":0.061595722373663245,"pb":0.06061468412066021,"ph":0.11833118653206721,"pw":0.6970538897043406,"pm":0.003617110505347033,"pu":0.05878740676392176},"18":{"r":"white","tx":81549,"inc":64544,"pa":0.024942059375344886,"pb":0.041631411789231014,"ph":0.04284540582962391,"pw":0.8386982059865847,"pm":0.00522385314350881,"pu":0.04665906387570663},"19":{"r":"white","tx":37420,"inc":68821,"pa":0.025280598610368788,"pb":0.015820416889363975,"ph":0.03511491181186531,"pw":0.8673169428113309,"pm":0.0033939070016034208,"pu":0.05307322287546767},"20":{"r":"white","tx":31139,"inc":77125,"pa":0.032852692764700216,"pb":0.023475384565978356,"ph":0.05950737017887536,"pw":0.8076367256495071,"pm":0.00969844889045891,"pu":0.0668293779504801},"21":{"r":"white","tx":43645,"inc":65623,"pa":0.016084316645663878,"pb":0.04050864932982014,"ph":0.02724252491694352,"pw":0.8544621377019131,"pm":0.005682208729522282,"pu":0.05602016267613701},"22":{"r":"white","tx":38970,"inc":74723,"pa":0.020425968693867078,"pb":0.15447780343854248,"ph":0.030638953040800616,"pw":0.7453169104439312,"pm":0.004413651526815499,"pu":0.04472671285604311},"23":{"r":"white","tx":13548,"inc":71085,"pa":0.011588426335990552,"pb":0.006790670209625037,"ph":0.009521700620017715,"pw":0.8864777088869206,"pm":0.005314437555358724,"pu":0.08030705639208739},"24":{"r":"white","tx":69408,"inc":96238,"pa":0.07444386814200092,"pb":0.19736917934532042,"ph":0.08086964038727525,"pw":0.5248098201936376,"pm":0.005676579068695251,"pu":0.11683091286307054},"25":{"r":"white","tx":73122,"inc":108264,"pa":0.07802029484970324,"pb":0.04050764475807554,"ph":0.07264571537977627,"pw":0.7167473537375892,"pm":0.0030496977653784087,"pu":0.08902929350947732},"26":{"r":"white","tx":109927,"inc":70481,"pa":0.031056974173769864,"pb":0.04704030856841358,"ph":0.02666314918082,"pw":0.8167875044347612,"pm":0.004930544816105233,"pu":0.07352151882613008},"27":{"r":"white","tx":77175,"inc":79037,"pa":0.050119857466796244,"pb":0.0283252348558471,"ph":0.03007450599287334,"pw":0.8274959507612569,"pm":0.005662455458373826,"pu":0.05832199546485261},"28":{"r":"white","tx":20470,"inc":64030,"pa":0.014753297508549095,"pb":0.17972642892037127,"ph":0.023009281875915975,"pw":0.7422081094284319,"pm":0.0039081582804103565,"pu":0.036394723986321445},"29":{"r":"white","tx":72475,"inc":69783,"pa":0.019661952397378408,"pb":0.04620903759917213,"ph":0.024491203863401173,"pw":0.8502932045532943,"pm":0.005436357364608486,"pu":0.05390824422214557},"30":{"r":"white","tx":11230,"inc":70385,"pa":0.007836153161175422,"pb":0.0032056990204808546,"ph":0.015761353517364202,"pw":0.91219946571683,"pm":0.012110418521816563,"pu":0.04888691006233303},"31":{"r":"white","tx":22405,"inc":73653,"pa":0.02606561035483151,"pb":0.01950457487168043,"ph":0.05445213122070966,"pw":0.838830618165588,"pm":0.00624860522204865,"pu":0.05489846016514171},"32":{"r":"white","tx":42437,"inc":74301,"pa":0.07823361689092066,"pb":0.0493672974055659,"ph":0.20083889059075807,"pw":0.5852204444234984,"pm":0.020312463180714942,"pu":0.06602728750854207},"33":{"r":"white","tx":16160,"inc":87643,"pa":0.020297029702970298,"pb":0.006806930693069307,"ph":0.025556930693069305,"pw":0.8475247524752475,"pm":0.005878712871287129,"pu":0.09393564356435644},"34":{"r":"white","tx":80838,"inc":112288,"pa":0.12048788935896484,"pb":0.06213661891684604,"ph":0.11132140824859596,"pw":0.6152799426012519,"pm":0.004317276528365372,"pu":0.08645686434597591},"35":{"r":"white","tx":16481,"inc":71417,"pa":0.019962380923487653,"pb":0.01589709362295977,"ph":0.3320793641162551,"pw":0.5336448031066076,"pm":0.02087251987136703,"pu":0.07754383835932285},"36":{"r":"white","tx":119738,"inc":108981,"pa":0.09803070036245803,"pb":0.05735856620287628,"ph":0.07128062937413353,"pw":0.6784312415440378,"pm":0.0045098464981877095,"pu":0.09038901601830664},"37":{"r":"white","tx":123802,"inc":76409,"pa":0.039514708970775914,"pb":0.10456212339057527,"ph":0.055855317361593514,"pw":0.7239543787660943,"pm":0.00657501494321578,"pu":0.06953845656774527},"38":{"r":"white","tx":8307,"inc":76937,"pa":0.01528831106295895,"pb":0.008787769351149633,"ph":0.015047550258817865,"pw":0.9077886120139641,"pm":0.012038040207054292,"pu":0.041049717106055136},"39":{"r":"white","tx":126289,"inc":71452,"pa":0.02562376770740128,"pb":0.05165928940762853,"ph":0.02248018433909525,"pw":0.8234446388838299,"pm":0.004695579187419332,"pu":0.07209654047462566},"40":{"r":"white","tx":36459,"inc":69829,"pa":0.026934364628761073,"pb":0.036698757508434134,"ph":0.06355083792753503,"pw":0.7387476343289723,"pm":0.0753174799089388,"pu":0.05875092569735868},"41":{"r":"white","tx":52955,"inc":84645,"pa":0.04720989519403267,"pb":0.0104050609007648,"ph":0.05434803134737041,"pw":0.7539797941648569,"pm":0.011556982343499198,"pu":0.12250023604947596},"42":{"r":"white","tx":117100,"inc":79193,"pa":0.040017079419299745,"pb":0.04955593509820666,"ph":0.04549957301451751,"pw":0.7877455166524339,"pm":0.002852263023057216,"pu":0.07432963279248506},"44":{"r":"white","tx":10728,"inc":81596,"pa":0.021066368381804625,"pb":0.02982848620432513,"ph":0.09684936614466816,"pw":0.7912005965697241,"pm":0.003635346756152125,"pu":0.05741983594332588},"45":{"r":"white","tx":63580,"inc":71125,"pa":0.019141239383453915,"pb":0.10550487574709028,"ph":0.03309216734822271,"pw":0.7651305441962881,"pm":0.005457691097829506,"pu":0.07167348222711545},"46":{"r":"white","tx":9630,"inc":69073,"pa":0.014434060228452752,