{"01":{"r":"white","tx":88347,"inc":80215,"pa":0.025116868710878693,"pb":0.14335517901003997,"ph":0.028716311815907728,"pw":0.6818001743126535,"pm":0.014907127576488165,"pu":0.10610433857403194},"02":{"r":"white","tx":11884,"inc":94007,"pa":0.046953887579939416,"pb":0.02095254123190845,"ph":0.043924604510265905,"pw":0.6326994278020869,"pm":0.059828340626051836,"pu":0.19564119824974757},"04":{"r":"white","tx":152299,"inc":99937,"pa":0.05017104511520102,"pb":0.028076349811883203,"ph":0.17038851207164854,"pw":0.5625053349004261,"pm":0.026927294335484804,"pu":0.1619314637653563},"05":{"r":"white","tx":51188,"inc":73682,"pa":0.026217082128623895,"pb":0.07005548175353599,"ph":0.05774790966632805,"pw":0.6805110572790498,"pm":0.01846135813081191,"pu":0.14700711104165037},"06":{"r":"Highly Diverse","tx":476435,"inc":157013,"pa":0.19181630232875418,"pb":0.03130962250884171,"ph":0.19063041128380576,"pw":0.3586008584591812,"pm":0.037982096193604584,"pu":0.18966070922581255},"08":{"r":"white","tx":139272,"inc":115010,"pa":0.04022344764202424,"pb":0.022050376242173587,"ph":0.11061089091849044,"pw":0.6475960709977597,"pm":0.029000804181745075,"pu":0.1505184100178069},"09":{"r":"white","tx":56199,"inc":115768,"pa":0.05218954073915906,"pb":0.0845210768874891,"ph":0.13315183544191178,"pw":0.5672164985142084,"pm":0.021281517464723572,"pu":0.14163953095250806},"10":{"r":"white","tx":21369,"inc":103082,"pa":0.051570031353830315,"pb":0.1608872666011512,"ph":0.05765361037016239,"pw":0.5795310964481258,"pm":0.021292526557162246,"pu":0.12906546866956806},"11":{"r":"white","tx":10525,"inc":163527,"pa":0.06831353919239905,"pb":0.14090261282660332,"ph":0.05596199524940618,"pw":0.4879809976247031,"pm":0.04456057007125891,"pu":0.20228028503562945},"12":{"r":"white","tx":459437,"inc":106665,"pa":0.03571762831465468,"pb":0.07138737193565167,"ph":0.19876718679601338,"pw":0.5409337950578643,"pm":0.017945877236704922,"pu":0.13524814065911103},"13":{"r":"white","tx":194478,"inc":92445,"pa":0.07249149004000452,"pb":0.18744022460124024,"ph":0.0728925636832958,"pw":0.4844249735188556,"pm":0.017914622733676815,"pu":0.16483612542292703},"15":{"r":"Highly Diverse","tx":18114,"inc":140985,"pa":0.30258363696588275,"pb":0.0191564535718229,"ph":0.0383129071436458,"pw":0.30120348901402233,"pm":0.11510433918516065,"pu":0.2236391741194656},"16":{"r":"white","tx":39760,"inc":96365,"pa":0.017027162977867202,"pb":0.004753521126760563,"ph":0.05938128772635815,"pw":0.7506539235412475,"pm":0.022862173038229378,"pu":0.1453219315895372},"17":{"r":"white","tx":198988,"inc":93048,"pa":0.07037107765292379,"pb":0.08193458902044345,"ph":0.1313948579813858,"pw":0.5795123324019539,"pm":0.02010674010493095,"pu":0.11668040283836212},"18":{"r":"white","tx":114526,"inc":72732,"pa":0.04109983759146395,"pb":0.05628416254824232,"ph":0.056013481654820736,"pw":0.734593018179278,"pm":0.015105740181268883,"pu":0.09690375984492604},"19":{"r":"white","tx":56533,"inc":73768,"pa":0.02559566978578883,"pb":0.022393999964622432,"ph":0.0502538340438328,"pw":0.7703995896202218,"pm":0.01622061450834026,"pu":0.11513629207719385},"20":{"r":"white","tx":43659,"inc":82497,"pa":0.03440298678393917,"pb":0.025034929796834558,"ph":0.07460088412469365,"pw":0.6947708376279805,"pm":0.024164547974071783,"pu":0.14702581369248036},"21":{"r":"white","tx":68576,"inc":71665,"pa":0.0249066728884741,"pb":0.04660522631824545,"ph":0.04032022865142324,"pw":0.7535435137657489,"pm":0.013649090060662622,"pu":0.12097526831544564},"22":{"r":"white","tx":67221,"inc":77635,"pa":0.02066318561163922,"pb":0.1976911976911977,"ph":0.03347168295621904,"pw":0.6115945909760343,"pm":0.015843263265943677,"pu":0.1207360794989661},"23":{"r":"white","tx":23182,"inc":95185,"pa":0.015529289966353206,"pb":0.012423431973082565,"ph":0.013070485721680614,"pw":0.7874212751272539,"pm":0.015011646967474765,"pu":0.15654387024415495},"24":{"r":"white","tx":108515,"inc":109516,"pa":0.07642261438510806,"pb":0.22057780030410543,"ph":0.07927936230014283,"pw":0.43604110030871307,"pm":0.029627240473667237,"pu":0.15805188222826339},"25":{"r":"white","tx":97685,"inc":135550,"pa":0.09953421712647796,"pb":0.052310999641705484,"ph":0.09031069253211854,"pw":0.571612837180734,"pm":0.026114551875927726,"pu":0.1601167016430363},"26":{"r":"white","tx":150477,"inc":79744,"pa":0.038677007117366775,"pb":0.06406294649680683,"ph":0.03302165779487895,"pw":0.7115506024176452,"pm":0.01628155797896024,"pu":0.136406228194342},"27":{"r":"white","tx":103132,"inc":90042,"pa":0.057508823643486015,"pb":0.04235348873288601,"ph":0.04421518054532056,"pw":0.7140751658069271,"pm":0.02568552922468293,"pu":0.11616181204669744},"28":{"r":"white","tx":39106,"inc":71248,"pa":0.016544775737738455,"pb":0.21147649976985627,"ph":0.02677338515828773,"pw":0.6256073236843451,"pm":0.011839615404285787,"pu":0.10775840024548662},"29":{"r":"white","tx":107079,"inc":78646,"pa":0.02403832684279831,"pb":0.052381886270884116,"ph":0.029744394325684775,"pw":0.7371006453179428,"pm":0.01873383203055688,"pu":0.1380009152121331},"30":{"r":"white","tx":18654,"inc":99756,"pa":0.009381365926878953,"pb":0.0026803902648225584,"ph":0.020102926986169185,"pw":0.8044387262785462,"pm":0.023265787498659804,"pu":0.14013080304492334},"31":{"r":"white","tx":30666,"inc":81276,"pa":0.029772386356225134,"pb":0.023576599491293287,"ph":0.08171916780799583,"pw":0.7006782756146873,"pm":0.01982651796778191,"pu":0.14442705276201656},"32":{"r":"white","tx":66323,"inc":95959,"pa":0.11540491232302519,"pb":0.05476229965472008,"ph":0.17283596942237234,"pw":0.450582754097372,"pm":0.041011413838336626,"pu":0.1654026506641738},"33":{"r":"white","tx":21990,"inc":111445,"pa":0.032150977717144154,"pb":0.0066848567530695775,"ph":0.034470213733515234,"pw":0.7441109595270577,"pm":0.01741700773078672,"pu":0.16516598453842657},"34":{"r":"white","tx":131642,"inc":129266,"pa":0.11874629677458562,"pb":0.07298582519256772,"ph":0.12616794032299722,"pw":0.5048920557268957,"pm":0.020905182236672187,"pu":0.15630269974628158},"35":{"r":"white","tx":32340,"inc":82491,"pa":0.02127396413110699,"pb":0.0163265306122449,"ph":0.323747680890538,"pw":0.46125541125541125,"pm":0.02687074829931973,"pu":0.1505256648113791},"36":{"r":"white","tx":186778,"inc":132190,"pa":0.13021340843139984,"pb":0.05916649712492906,"ph":0.0780177536969022,"pw":0.5604407371317821,"pm":0.022888134576877363,"pu":0.14927346903810942},"37":{"r":"white","tx":206774,"inc":95202,"pa":0.0604524746825036,"pb":0.10787139582345943,"ph":0.06612049870873514,"pw":0.6075328619652374,"pm":0.021492063799123683,"pu":0.13653070502094072},"38":{"r":"white","tx":12178,"inc":81504,"pa":0.014370175726720315,"pb":0.014288060436853342,"ph":0.02291016587288553,"pw":0.7927410083757596,"pm":0.01978978485794055,"pu":0.1359008047298407},"39":{"r":"white","tx":174130,"inc":78412,"pa":0.036696720840751165,"pb":0.06652501004996267,"ph":0.030126916671452363,"pw":0.7347441566645609,"pm":0.016493424452994888,"pu":0.11541377132027796},"40":{"r":"white","tx":62157,"inc":78823,"pa":0.03759833968820889,"pb":0.03606995189600528,"ph":0.07197902086651543,"pw":0.5966182409060926,"pm":0.06044371510851553,"pu":0.19729073153466223},"41":{"r":"white","tx":75385,"inc":106178,"pa":0.05767725674869006,"pb":0.012854016050938515,"ph":0.06635272269019035,"pw":0.659202759169596,"pm":0.03804470385355177,"pu":0.16586854148703323},"42":{"r":"white","tx":176042,"inc":88808,"pa":0.0624396450846957,"pb":0.05959941377625794,"ph":0.0627861533043251,"pw":0.6528158053191851,"pm":0.01688233489735404,"pu":0.14547664761818202},"44":{"r":"white","tx":16561,"inc":102600,"pa":0.03357285188092506,"pb":0.055854115089668505,"ph":0.12668317130608056,"pw":0.6392729907614274,"pm":0.021677434937503775,"pu":0.12293943602439467},"45":{"r":"white","tx":113606,"inc":90011,"pa":0.024893051423340317,"pb":0.11921025297959614,"ph":0.04314032709539989,"pw":0.6598243050543106,"pm":0.015562558315581924,"pu":0.1373695051317712},"46":{"r":"white","tx":14018,"inc":78393,"pa":0.013125980881723499,