{"01":{"r":"white","tx":29640,"inc":58160,"pa":0.014237516869095817,"pb":0.15013495276653172,"ph":0.019534412955465586,"pw":0.7581309041835358,"pm":0.005701754385964913,"pu":0.05226045883940621},"02":{"r":"white","tx":6868,"inc":80732,"pa":0.03450786255096098,"pb":0.01892836342457775,"ph":0.03348864298194525,"pw":0.7716948165404776,"pm":0.06479324403028539,"pu":0.07658707047175306},"04":{"r":"white","tx":58804,"inc":62097,"pa":0.03295694170464595,"pb":0.025406434936398884,"ph":0.1631521665192844,"pw":0.685225494864295,"pm":0.010135364941160465,"pu":0.08312359703421536},"05":{"r":"white","tx":20769,"inc":54893,"pa":0.01699648514613125,"pb":0.08060089556550629,"ph":0.04805238576724927,"pw":0.8210313447927199,"pm":0.005440801194087342,"pu":0.027878087534305936},"06":{"r":"white","tx":263833,"inc":90085,"pa":0.16453968987958292,"pb":0.029367061739812683,"ph":0.2224551136514386,"pw":0.47179086770798195,"pm":0.012250173405146437,"pu":0.09959709361603741},"08":{"r":"white","tx":52757,"inc":73558,"pa":0.026404079079553423,"pb":0.022973254733968954,"ph":0.08491764126087534,"pw":0.769414485281574,"pm":0.005345262240081885,"pu":0.0909452774039464},"09":{"r":"white","tx":24755,"inc":97528,"pa":0.04746515855382751,"pb":0.053282165219147644,"ph":0.06346192688345789,"pw":0.7473237729751565,"pm":0.004403150878610382,"pu":0.08406382548980004},"10":{"r":"white","tx":6351,"inc":68401,"pa":0.03810423555345615,"pb":0.14769327664934656,"ph":0.0406235238545111,"pw":0.6865060620374744,"pm":0.003464021413950559,"pu":0.08360888049126122},"11":{"r":"white","tx":5773,"inc":121133,"pa":0.044344361683699984,"pb":0.15433916507881518,"ph":0.04330504070673826,"pw":0.5163693053871471,"pm":0.004503724233500779,"pu":0.23713840291009874},"12":{"r":"white","tx":114077,"inc":65334,"pa":0.025482787941478124,"pb":0.08530203283746943,"ph":0.1623815493044172,"pw":0.6373589768314384,"pm":0.005005391095488135,"pu":0.08446926198970871},"13":{"r":"white","tx":62813,"inc":63723,"pa":0.044083231178259276,"pb":0.2055943833282919,"ph":0.0467737570248197,"pw":0.5973604190215401,"pm":0.005301450336713738,"pu":0.10088675911037524},"15":{"r":"asian","tx":7040,"inc":89820,"pa":0.43991477272727275,"pb":0.01434659090909091,"ph":0.041051136363636366,"pw":0.3309659090909091,"pm":0.10610795454545455,"pu":0.06761363636363636},"16":{"r":"white","tx":13291,"inc":52964,"pa":0.011812504702430216,"pb":0.003686705289293507,"ph":0.055150101572492664,"pw":0.8720938981265518,"pm":0.008652471597321496,"pu":0.048604318711910316},"17":{"r":"white","tx":77627,"inc":76382,"pa":0.05419506099681812,"pb":0.06130598889561622,"ph":0.08962087933322169,"pw":0.7345124763291123,"pm":0.003774459917296817,"pu":0.05659113452793487},"18":{"r":"white","tx":46919,"inc":56279,"pa":0.018670474647797267,"pb":0.041646241394744134,"ph":0.02947633155011829,"pw":0.859246787015921,"pm":0.00498731857030201,"pu":0.04597284682111724},"19":{"r":"white","tx":24045,"inc":58283,"pa":0.016136410896236224,"pb":0.010979413599500935,"ph":0.023747140777708464,"pw":0.8897483884383448,"pm":0.0025369099604907464,"pu":0.05685173632771886},"20":{"r":"white","tx":21269,"inc":64316,"pa":0.02111053646151676,"pb":0.023320325356152145,"ph":0.05016690958672246,"pw":0.827448399078471,"pm":0.006253232403968217,"pu":0.0717005971131694},"21":{"r":"white","tx":26979,"inc":58714,"pa":0.013788502168353164,"pb":0.04158790170132325,"ph":0.020126765261870343,"pw":0.861521924459765,"pm":0.005226287112198377,"pu":0.05774861929648986},"22":{"r":"white","tx":26312,"inc":64936,"pa":0.01687442991790818,"pb":0.1508817269686835,"ph":0.023449376710246276,"pw":0.7647841289145637,"pm":0.0041045910611128,"pu":0.03990574642748556},"23":{"r":"white","tx":7860,"inc":61491,"pa":0.010814249363867684,"pb":0.0047073791348600505,"ph":0.008142493638676845,"pw":0.926208651399491,"pm":0.003435114503816794,"pu":0.04669211195928753},"24":{"r":"white","tx":47497,"inc":88972,"pa":0.07438364528285997,"pb":0.1983704233951618,"ph":0.0429290270964482,"pw":0.5664989367749542,"pm":0.0064425121586626525,"pu":0.11137545529191317},"25":{"r":"white","tx":47500,"inc":92557,"pa":0.06949473684210526,"pb":0.032252631578947366,"ph":0.048736842105263155,"pw":0.7621052631578947,"pm":0.0027789473684210527,"pu":0.08463157894736842},"26":{"r":"white","tx":54592,"inc":59527,"pa":0.027348329425556858,"pb":0.052846570926143026,"ph":0.021450029308323564,"pw":0.8432737397420867,"pm":0.004506154747948418,"pu":0.05057517584994138},"27":{"r":"white","tx":40040,"inc":65343,"pa":0.045754245754245755,"pb":0.0252997002997003,"ph":0.021553446553446553,"pw":0.8423576423576423,"pm":0.0047702297702297706,"pu":0.06026473526473526},"28":{"r":"white","tx":13265,"inc":55691,"pa":0.012815680361854504,"pb":0.18243497926875235,"ph":0.01364493026762156,"pw":0.7589144364869959,"pm":0.0024877497173011686,"pu":0.029702223897474556},"29":{"r":"white","tx":42325,"inc":59633,"pa":0.015971647962197282,"pb":0.04699350265800355,"ph":0.01963378617838157,"pw":0.8435203780271707,"pm":0.003898405197873597,"pu":0.0699822799763733},"30":{"r":"white","tx":6223,"inc":59512,"pa":0.004178049172424875,"pb":0.0032138839787883657,"ph":0.013016230114092881,"pw":0.9382934276072634,"pm":0.014623172103487065,"pu":0.026675237023943435},"31":{"r":"white","tx":14374,"inc":62179,"pa":0.016905523862529567,"pb":0.01662724363433978,"ph":0.04563795742312509,"pw":0.8628774175594824,"pm":0.00410463336579936,"pu":0.05384722415472381},"32":{"r":"white","tx":26932,"inc":57190,"pa":0.07723154611614437,"pb":0.04648744987375612,"ph":0.16133224417050349,"pw":0.6171097579088074,"pm":0.018491014406653794,"pu":0.07934798752413486},"33":{"r":"white","tx":8816,"inc":77449,"pa":0.02223230490018149,"pb":0.006578947368421052,"ph":0.016107078039927405,"pw":0.8781760435571688,"pm":0.0034029038112522686,"pu":0.073502722323049},"34":{"r":"white","tx":53705,"inc":101814,"pa":0.11497998324178382,"pb":0.06206126059026162,"ph":0.0860068894888744,"pw":0.6301275486453776,"pm":0.004003351643236197,"pu":0.10282096639046644},"35":{"r":"white","tx":12257,"inc":64283,"pa":0.019417475728155338,"pb":0.016480378559190666,"ph":0.2952598515134209,"pw":0.588561638247532,"pm":0.018356857306029206,"pu":0.06192379864567186},"36":{"r":"white","tx":93172,"inc":96856,"pa":0.0935581505173228,"pb":0.06205727042459108,"ph":0.05625080496286438,"pw":0.6878032026789164,"pm":0.004421929334993345,"pu":0.09590864208131199},"37":{"r":"white","tx":66989,"inc":64358,"pa":0.02848228813685829,"pb":0.11497410022541014,"ph":0.042827926973085136,"pw":0.7322993327262685,"pm":0.006613026019197181,"pu":0.07480332591918076},"38":{"r":"white","tx":6449,"inc":61304,"pa":0.006667700418669561,"pb":0.004806946813459451,"ph":0.008993642425182198,"pw":0.941851449837184,"pm":0.006977826019537912,"pu":0.030702434485966816},"39":{"r":"white","tx":72869,"inc":63225,"pa":0.020365313096103968,"pb":0.05062509434739052,"ph":0.015521003444537457,"pw":0.8469994098999575,"pm":0.003526876998449272,"pu":0.06296230221356132},"40":{"r":"white","tx":28720,"inc":59106,"pa":0.01981197771587744,"pb":0.039136490250696376,"ph":0.04717966573816156,"pw":0.7762186629526462,"pm":0.05727715877437326,"pu":0.06037604456824513},"41":{"r":"white","tx":27107,"inc":67745,"pa":0.04784741948574169,"pb":0.008669347401040322,"ph":0.04209244844505109,"pw":0.8000885380160107,"pm":0.010698343601283801,"pu":0.09060390305087247},"42":{"r":"white","tx":84154,"inc":69304,"pa":0.031941440692064546,"pb":0.0517622454072296,"ph":0.035743993155405565,"pw":0.8114646956769732,"pm":0.0024241271953798988,"pu":0.06666349787294722},"44":{"r":"white","tx":6221,"inc":72550,"pa":0.024594116701494938,"pb":0.02861276322134705,"ph":0.0749075711300434,"pw":0.8027648288056582,"pm":0.0040186465198521135,"pu":0.06510207362160425},"45":{"r":"white","tx":30988,"inc":60840,"pa":0.01452175035497612,"pb":0.11104298438105073,"ph":0.02339615334968375,"pw":0.7582289918678198,"pm":0.0035497611978830513,"pu":0.08926035884858655},"46":{"r":"white","tx":6489,"inc":58498,"pa":0.00816766836184312,"pb":0.006780705809832023,