{"01":{"r":"white","tx":59142,"inc":95471,"pa":0.027442426701836258,"pb":0.13964695140509284,"ph":0.03743532514963985,"pw":0.6568935781677996,"pm":0.017297352135538197,"pu":0.12128436644009334},"02":{"r":"white","tx":7110,"inc":117026,"pa":0.04908579465541491,"pb":0.01828410689170183,"ph":0.04964838255977497,"pw":0.6182841068917019,"pm":0.06526019690576652,"pu":0.19943741209563995},"04":{"r":"white","tx":91366,"inc":124198,"pa":0.05465928244642427,"pb":0.035866733795941595,"ph":0.19800582273493422,"pw":0.5229735350130246,"pm":0.03131361775715255,"pu":0.15718100825252282},"05":{"r":"white","tx":35654,"inc":91826,"pa":0.034862848488248166,"pb":0.06683682055309362,"ph":0.06335894990744377,"pw":0.6529982610646772,"pm":0.01898805183149156,"pu":0.1629550681550457},"06":{"r":"Highly Diverse","tx":243936,"inc":192031,"pa":0.1933498950544405,"pb":0.030319428046700774,"ph":0.21237947658402204,"pw":0.3210227272727273,"pm":0.04020726747999475,"pu":0.20272120556211465},"08":{"r":"white","tx":80175,"inc":144031,"pa":0.046036794512004986,"pb":0.025743685687558467,"ph":0.12422825070159027,"pw":0.6179731836607422,"pm":0.03609603991269099,"pu":0.14992204552541316},"09":{"r":"white","tx":35281,"inc":129866,"pa":0.057481363906918735,"pb":0.08528669822283949,"ph":0.1509594399251722,"pw":0.5298319208639211,"pm":0.02188146594484283,"pu":0.15455911113630566},"10":{"r":"white","tx":13281,"inc":123342,"pa":0.06324824937881184,"pb":0.1527746404638205,"ph":0.06392590919358482,"pw":0.5397183946991944,"pm":0.027181688125894134,"pu":0.15315111813869436},"11":{"r":"white","tx":5955,"inc":190550,"pa":0.060453400503778336,"pb":0.17531486146095718,"ph":0.06314021830394627,"pw":0.4404701931150294,"pm":0.05037783375314862,"pu":0.21024349286314023},"12":{"r":"white","tx":307321,"inc":130613,"pa":0.044175308553597054,"pb":0.07894351508683103,"ph":0.2173427783978316,"pw":0.49025611656866924,"pm":0.02107893700723348,"pu":0.1482033443858376},"13":{"r":"white","tx":127066,"inc":114323,"pa":0.08730895754961988,"pb":0.1959611540459289,"ph":0.08633308674232289,"pw":0.4383706105488486,"pm":0.02043819747217981,"pu":0.1715879936410999},"15":{"r":"Highly Diverse","tx":8658,"inc":176276,"pa":0.2897897897897898,"pb":0.02564102564102564,"ph":0.04596904596904597,"pw":0.2726957726957727,"pm":0.11942711942711942,"pu":0.24647724647724648},"16":{"r":"white","tx":24318,"inc":114334,"pa":0.016613208323052884,"pb":0.0048112509252405625,"ph":0.07788469446500534,"pw":0.7160539518052471,"pm":0.02857965293198454,"pu":0.15605724154946954},"17":{"r":"white","tx":127689,"inc":108246,"pa":0.07400010964139432,"pb":0.08031232134326372,"ph":0.14640258753690608,"pw":0.5455990727470651,"pm":0.02074571811197519,"pu":0.13294019061939558},"18":{"r":"white","tx":81843,"inc":88770,"pa":0.04385225370526496,"pb":0.05750033600918832,"ph":0.06852143738621506,"pw":0.706780054494581,"pm":0.01882873306208228,"pu":0.10451718534266828},"19":{"r":"white","tx":38981,"inc":88142,"pa":0.026474436263820837,"pb":0.026269208075729203,"ph":0.06164541699802468,"pw":0.7354352120263719,"pm":0.01844488340473564,"pu":0.1317308432313178},"20":{"r":"white","tx":30731,"inc":99833,"pa":0.0323777293286909,"pb":0.027822068920633887,"ph":0.08340112589892942,"pw":0.6554944518564316,"pm":0.026878396407536365,"pu":0.1740262275877778},"21":{"r":"white","tx":46883,"inc":89284,"pa":0.025979566154043045,"pb":0.046648038734722605,"ph":0.050231427169763025,"pw":0.7294755028475141,"pm":0.017362370155493464,"pu":0.13030309493846384},"22":{"r":"white","tx":40503,"inc":95018,"pa":0.02538083598745772,"pb":0.1791225341332741,"ph":0.04308322840283436,"pw":0.5860553539244007,"pm":0.018541836407179716,"pu":0.14781621114485347},"23":{"r":"white","tx":14718,"inc":117671,"pa":0.014675907052588666,"pb":0.0233727408615301,"ph":0.016578339448294604,"pw":0.7785704579426552,"pm":0.01936404402772116,"pu":0.14743851066721023},"24":{"r":"white","tx":62837,"inc":131565,"pa":0.08095548800865732,"pb":0.2240399764469978,"ph":0.09497589000111399,"pw":0.402931393923962,"pm":0.03178063879561405,"pu":0.16531661282365484},"25":{"r":"white","tx":58377,"inc":166723,"pa":0.10230056357812152,"pb":0.05692310327697552,"ph":0.09159429227264163,"pw":0.552272299021875,"pm":0.029018277746372716,"pu":0.16789146410401357},"26":{"r":"white","tx":102271,"inc":95413,"pa":0.04456786381281106,"pb":0.06395752461597129,"ph":0.03693129039512667,"pw":0.6889734137732104,"pm":0.017746966393210196,"pu":0.1478229410096704},"27":{"r":"white","tx":65184,"inc":108220,"pa":0.061211340206185565,"pb":0.04542525773195876,"ph":0.0507793323514973,"pw":0.6852908689248896,"pm":0.027890279823269516,"pu":0.12940292096219932},"28":{"r":"white","tx":27422,"inc":88002,"pa":0.019838086208154037,"pb":0.20764349792137698,"ph":0.030960542630005104,"pw":0.5897819269199912,"pm":0.013565750127634746,"pu":0.13821019619283786},"29":{"r":"white","tx":74483,"inc":96122,"pa":0.029738329551709786,"pb":0.053622974369990466,"ph":0.03643784487735456,"pw":0.6927218291422204,"pm":0.021615670689956096,"pu":0.1658633513687687},"30":{"r":"white","tx":10643,"inc":124936,"pa":0.007516677628488208,"pb":0.003288546462463591,"ph":0.02339565911866955,"pw":0.7947947007422719,"pm":0.024805036174011086,"pu":0.14619937987409565},"31":{"r":"white","tx":22311,"inc":102164,"pa":0.034332840302989553,"pb":0.024920442830890593,"ph":0.09977141320424902,"pw":0.6776926179911255,"pm":0.022679395813724173,"pu":0.1406032898570212},"32":{"r":"white","tx":37821,"inc":119064,"pa":0.12091166283281775,"pb":0.05182306126226171,"ph":0.19579069828931017,"pw":0.4120990983844954,"pm":0.045662462653023456,"pu":0.17371301657809154},"33":{"r":"white","tx":13695,"inc":137918,"pa":0.0366557137641475,"pb":0.010076670317634174,"ph":0.035341365461847386,"pw":0.7400511135450895,"pm":0.02212486308871851,"pu":0.15575027382256298},"34":{"r":"white","tx":77620,"inc":158748,"pa":0.13138366400412266,"pb":0.07116722494202525,"ph":0.1301211028085545,"pw":0.4732671991754702,"pm":0.023692347333161556,"pu":0.1703684617366658},"35":{"r":"white","tx":20851,"inc":101241,"pa":0.02484293319265263,"pb":0.017217399645100953,"ph":0.34703371540933287,"pw":0.4245839528080188,"pm":0.027288859047527696,"pu":0.15903313989736703},"36":{"r":"white","tx":114732,"inc":153477,"pa":0.12970226266429594,"pb":0.060305756022731236,"ph":0.08133737754070355,"pw":0.5426646445629816,"pm":0.02406477704563679,"pu":0.16192518216365095},"37":{"r":"white","tx":143540,"inc":115784,"pa":0.07600668803121081,"pb":0.10780966977845896,"ph":0.0816497143653337,"pw":0.568475686219869,"pm":0.025658353072314337,"pu":0.14039988853281316},"38":{"r":"white","tx":7758,"inc":98131,"pa":0.01611240010311936,"pb":0.021139468935292602,"ph":0.030935808197989172,"pw":0.7690126321216808,"pm":0.018303686517143595,"pu":0.14449600412477442},"39":{"r":"white","tx":122300,"inc":95196,"pa":0.04107113654946852,"pb":0.06735077677841374,"ph":0.03563368765331153,"pw":0.6983319705641864,"pm":0.01910874897792314,"pu":0.13850367947669665},"40":{"r":"white","tx":44943,"inc":93439,"pa":0.03591215539683599,"pb":0.03622366108181474,"ph":0.08150323743408318,"pw":0.5590859533186481,"pm":0.06501568653627929,"pu":0.22225930623233875},"41":{"r":"white","tx":39849,"inc":130160,"pa":0.05578559060453211,"pb":0.018971617857411728,"ph":0.08005219704384049,"pw":0.6462395543175488,"pm":0.043388792692413865,"pu":0.15556224748425307},"42":{"r":"white","tx":116327,"inc":106028,"pa":0.06680306377711108,"pb":0.05734696158243572,"ph":0.06941638656545772,"pw":0.6314097329080953,"pm":0.018319048888048348,"pu":0.15670480627885186},"44":{"r":"white","tx":9218,"inc":133552,"pa":0.031134736385333043,"pb":0.0612931221523107,"ph":0.11737904100672597,"pw":0.6261661965719245,"pm":0.025385116077240182,"pu":0.1386417878064656},"45":{"r":"white","tx":78688,"inc":108182,"pa":0.02916581943879626,"pb":0.11417242781618545,"ph":0.05401077673851159,"pw":0.639779890199268,"pm":0.020117425782838552,"pu":0.14275366002440015},"46":{"r":"white","tx":9284,"inc":101807,"pa":0.016372253339077984,