{"01":{"r":"white","tx":79801,"inc":76943,"pa":0.01889700630317916,"pb":0.1321537324093683,"ph":0.024849312665254822,"pw":0.7225974611846969,"pm":0.013257979223318004,"pu":0.08824450821418278},"02":{"r":"white","tx":10327,"inc":92534,"pa":0.04580226590490946,"pb":0.016558535876827735,"ph":0.04502759755979471,"pw":0.6782221361479617,"pm":0.05732545753849133,"pu":0.1570640069720151},"04":{"r":"white","tx":152622,"inc":90996,"pa":0.033186565501697005,"pb":0.025671266265675983,"ph":0.17026378896882494,"pw":0.6022460719948631,"pm":0.02475396731794892,"pu":0.14387833995099003},"05":{"r":"white","tx":47983,"inc":71793,"pa":0.022341245857908008,"pb":0.0638351082675114,"ph":0.05464435320842798,"pw":0.7186711960486005,"pm":0.01769376654231707,"pu":0.12281433007523498},"06":{"r":"white","tx":405698,"inc":143941,"pa":0.1532346720959926,"pb":0.0305350285187504,"ph":0.196661063155352,"pw":0.4070121124580353,"pm":0.03843992329269555,"pu":0.17411720047917417},"08":{"r":"white","tx":131628,"inc":107479,"pa":0.030654571975567507,"pb":0.021895037530008814,"ph":0.10626918284863403,"pw":0.6728279697328836,"pm":0.02722824930865773,"pu":0.14112498860424832},"09":{"r":"white","tx":51175,"inc":113244,"pa":0.04261846604787494,"pb":0.06768930141670737,"ph":0.11364924279433317,"pw":0.625266243282853,"pm":0.018817782120175867,"pu":0.13195896433805568},"10":{"r":"white","tx":19318,"inc":100208,"pa":0.03727093902060254,"pb":0.143544880422404,"ph":0.054456983124547054,"pw":0.6367118749352935,"pm":0.018273113158712082,"pu":0.10974220933844084},"11":{"r":"white","tx":9505,"inc":159967,"pa":0.06649132035770647,"pb":0.1385586533403472,"ph":0.051551814834297736,"pw":0.4894266175697002,"pm":0.04418726985796949,"pu":0.20978432403997896},"12":{"r":"white","tx":402766,"inc":95337,"pa":0.02580406489127682,"pb":0.07314669063426406,"ph":0.19696300084912827,"pw":0.573144207803042,"pm":0.01686587249171976,"pu":0.11407616333056911},"13":{"r":"white","tx":180721,"inc":86023,"pa":0.05260041721770021,"pb":0.19446550207225502,"ph":0.07186768554844207,"pw":0.5181467566027191,"pm":0.016052368014785223,"pu":0.14686727054409837},"15":{"r":"Highly Diverse","tx":13230,"inc":128595,"pa":0.2642479213907785,"pb":0.019879062736205592,"ph":0.045880574452003026,"pw":0.31625094482237337,"pm":0.1218442932728647,"pu":0.23189720332577476},"16":{"r":"white","tx":43092,"inc":84329,"pa":0.013273925554627308,"pb":0.0040146662953680495,"ph":0.05836350134595748,"pw":0.7834632878492528,"pm":0.02141928896314861,"pu":0.11946532999164577},"17":{"r":"white","tx":171867,"inc":90647,"pa":0.05757940733241402,"pb":0.07591335160327464,"ph":0.1257891276393956,"pw":0.6196012032560061,"pm":0.01949181634636085,"pu":0.10162509382254883},"18":{"r":"white","tx":109798,"inc":70451,"pa":0.03318821836463324,"pb":0.050155740541722074,"ph":0.04832510610393632,"pw":0.7726370243538133,"pm":0.014198801435363121,"pu":0.08149510920053188},"19":{"r":"white","tx":52666,"inc":74123,"pa":0.0199559488094786,"pb":0.017791364447651236,"ph":0.04494360688109976,"pw":0.7955796908821631,"pm":0.014734363726123115,"pu":0.10699502525348423},"20":{"r":"white","tx":41372,"inc":81189,"pa":0.028159141448322537,"pb":0.02385671468626124,"ph":0.06499564923136421,"pw":0.7294788746011795,"pm":0.022623996906120082,"pu":0.1308856231267524},"21":{"r":"white","tx":64065,"inc":70813,"pa":0.01754468118317334,"pb":0.04220713338016077,"ph":0.03360649340513541,"pw":0.783688441426676,"pm":0.012768282213377039,"pu":0.1101849683914774},"22":{"r":"white","tx":58441,"inc":76778,"pa":0.019250183946202152,"pb":0.18244040998613986,"ph":0.03218630755805,"pw":0.648739754624322,"pm":0.012936123611847846,"pu":0.10444722027343817},"23":{"r":"white","tx":21830,"inc":91991,"pa":0.010398534127347687,"pb":0.010673385249656437,"ph":0.010032065964269353,"pw":0.8123683005038937,"pm":0.013055428309665598,"pu":0.1434722858451672},"24":{"r":"white","tx":96776,"inc":106391,"pa":0.06330081838472348,"pb":0.20430685293874515,"ph":0.0791828552533686,"pw":0.47539679259320494,"pm":0.0273208233446309,"pu":0.15049185748532695},"25":{"r":"white","tx":90055,"inc":130307,"pa":0.07321081561268114,"pb":0.04427294431180945,"ph":0.07961801121536839,"pw":0.6319471434123591,"pm":0.024651601798900673,"pu":0.14629948364888123},"26":{"r":"white","tx":137801,"inc":77530,"pa":0.029571628652912532,"pb":0.05325070209940421,"ph":0.027336521505649452,"pw":0.7566200535554894,"pm":0.014455628043337857,"pu":0.1187654661432065},"27":{"r":"white","tx":98946,"inc":87615,"pa":0.04830917874396135,"pb":0.036423907990216886,"ph":0.039041497382410605,"pw":0.7493885553736381,"pm":0.0223859478907687,"pu":0.1044509126190043},"28":{"r":"white","tx":35401,"inc":69492,"pa":0.014265133753283806,"pb":0.203355837405723,"ph":0.025338267280585296,"pw":0.6544730374848168,"pm":0.01146860258184797,"pu":0.09109912149374312},"29":{"r":"white","tx":102165,"inc":77040,"pa":0.020662653550628886,"pb":0.04660108647775657,"ph":0.026339744530905887,"pw":0.772280135075613,"pm":0.017833896148387412,"pu":0.11628248421670827},"30":{"r":"white","tx":18832,"inc":93504,"pa":0.007487255734919286,"pb":0.0033984706881903144,"ph":0.01725785896346644,"pw":0.8412276975361087,"pm":0.020550127442650806,"pu":0.1100785896346644},"31":{"r":"white","tx":29783,"inc":79116,"pa":0.02763321357821576,"pb":0.02007856831078132,"ph":0.07141657992814693,"pw":0.7419333176644395,"pm":0.020414330322667294,"pu":0.11852399019574926},"32":{"r":"white","tx":58003,"inc":88580,"pa":0.0843404651483544,"pb":0.0559281416478458,"ph":0.17381859558988327,"pw":0.49966381049256076,"pm":0.0398255262658828,"pu":0.146423460855473},"33":{"r":"white","tx":22333,"inc":106162,"pa":0.021671965253212733,"pb":0.007656830698965656,"ph":0.02762727801907491,"pw":0.7766086060985985,"pm":0.015895759638203555,"pu":0.15053956029194465},"34":{"r":"white","tx":119007,"inc":124517,"pa":0.0948347576192997,"pb":0.06606334081188502,"ph":0.11245556984042955,"pw":0.5640508541514365,"pm":0.01984757199156352,"pu":0.14274790558538572},"35":{"r":"white","tx":29921,"inc":79974,"pa":0.02035359780755991,"pb":0.01480565489121353,"ph":0.32772968817887105,"pw":0.478827579292136,"pm":0.02479863640921092,"pu":0.13348484342100866},"36":{"r":"white","tx":147863,"inc":124806,"pa":0.09410738318578685,"pb":0.05581518026822126,"ph":0.0741497196729405,"pw":0.6157997605891941,"pm":0.020532519967808038,"pu":0.13959543631604932},"37":{"r":"white","tx":190763,"inc":90125,"pa":0.039787589836603535,"pb":0.10491552345056432,"ph":0.059424521526711155,"pw":0.6489151460188821,"pm":0.019961942305373685,"pu":0.12699527686186524},"38":{"r":"white","tx":10940,"inc":80253,"pa":0.00923217550274223,"pb":0.012522851919561243,"ph":0.019744058500914076,"pw":0.8325411334552102,"pm":0.018555758683729433,"pu":0.10740402193784278},"39":{"r":"white","tx":163986,"inc":77555,"pa":0.029026868147280865,"pb":0.0597185125559499,"ph":0.025416803873501398,"pw":0.7733891917602722,"pm":0.01417803958874538,"pu":0.09827058407425024},"40":{"r":"white","tx":58050,"inc":76863,"pa":0.030783807062876832,"pb":0.032368647717484926,"ph":0.06859603789836348,"pw":0.6211024978466839,"pm":0.0609130060292851,"pu":0.18623600344530578},"41":{"r":"white","tx":69539,"inc":99405,"pa":0.046678842088612144,"pb":0.0111735860452408,"ph":0.060268338630121224,"pw":0.6966881893613656,"pm":0.03740347143329642,"pu":0.14778757244136384},"42":{"r":"white","tx":154984,"inc":87388,"pa":0.04779203014504723,"pb":0.05202472513291695,"ph":0.05458627987405151,"pw":0.698736643782584,"pm":0.015078975894285862,"pu":0.13178134517111445},"44":{"r":"white","tx":15218,"inc":97608,"pa":0.027073202786174266,"pb":0.045078196872125116,"ph":0.11302405046655277,"pw":0.6949007753975556,"pm":0.018662110658430806,"pu":0.10126166381916152},"45":{"r":"white","tx":103925,"inc":84690,"pa":0.018397883088765936,"pb":0.1154293961991821,"ph":0.039788308876593695,"pw":0.6894683666105365,"pm":0.014635554486408468,"pu":0.12228049073851335},"46":{"r":"white","tx":13478,"inc":76089,"pa":0.010980857694019885,"pb":0.011277637631696097,