{"01":{"r":"white","tx":61179,"inc":97196,"pa":0.026332565095866227,"pb":0.148269831151212,"ph":0.04074927671259746,"pw":0.6434397423952664,"pm":0.01951650076006473,"pu":0.12169208388499321},"02":{"r":"white","tx":7140,"inc":124109,"pa":0.05700280112044818,"pb":0.021708683473389355,"ph":0.048179271708683476,"pw":0.6214285714285714,"pm":0.06456582633053222,"pu":0.18711484593837535},"04":{"r":"white","tx":92668,"inc":127509,"pa":0.056286959899857554,"pb":0.027808952389174257,"ph":0.22553632321837097,"pw":0.5029136271420556,"pm":0.031089480726896015,"pu":0.1563646566236457},"05":{"r":"white","tx":35838,"inc":95359,"pa":0.039483230090964896,"pb":0.061136224119649536,"ph":0.07600870584295999,"pw":0.6416652714995257,"pm":0.02318767788381048,"pu":0.15851889056308946},"06":{"r":"Highly Diverse","tx":259060,"inc":203811,"pa":0.20450474793484136,"pb":0.027013047170539643,"ph":0.22122674283949664,"pw":0.3087161275380221,"pm":0.039388558635065234,"pu":0.19915077588203506},"08":{"r":"white","tx":79618,"inc":149926,"pa":0.04640910346906479,"pb":0.023976990127860535,"ph":0.13719259463940314,"pw":0.6083548946218191,"pm":0.035632645884096564,"pu":0.14843377125775578},"09":{"r":"white","tx":34774,"inc":137528,"pa":0.06085006038994651,"pb":0.08305055501236557,"ph":0.15175130844884108,"pw":0.5328693851728302,"pm":0.02073388163570484,"pu":0.15074480934031173},"10":{"r":"white","tx":13584,"inc":128776,"pa":0.07825382803297998,"pb":0.14774734982332155,"ph":0.0720700824499411,"pw":0.5320965842167256,"pm":0.026428150765606596,"pu":0.1434040047114252},"11":{"r":"white","tx":5437,"inc":203033,"pa":0.06492551039176016,"pb":0.1618539635828582,"ph":0.07099503402611734,"pw":0.44748942431487954,"pm":0.054257862791980874,"pu":0.2004782048924039},"12":{"r":"white","tx":297472,"inc":135009,"pa":0.043177172977624786,"pb":0.0766122525817556,"ph":0.24612064328743546,"pw":0.47151664694492257,"pm":0.021003657487091223,"pu":0.1415696267211704},"13":{"r":"white","tx":129206,"inc":118495,"pa":0.09557605683946566,"pb":0.1845734718201941,"ph":0.09573858799126976,"pw":0.4372552358249617,"pm":0.02077302911629491,"pu":0.16608361840781388},"15":{"r":"Highly Diverse","tx":8931,"inc":184198,"pa":0.30590079498376443,"pb":0.01623558392117344,"ph":0.053073563990594555,"pw":0.2580897995745157,"pm":0.1324599708879185,"pu":0.23424028664203336},"16":{"r":"white","tx":25815,"inc":120543,"pa":0.019988378849506102,"pb":0.004764671702498547,"ph":0.08285880302149913,"pw":0.7063335270191748,"pm":0.028394344373426302,"pu":0.15766027503389501},"17":{"r":"white","tx":122946,"inc":115299,"pa":0.08099490833374001,"pb":0.07646446407365835,"ph":0.1443153904966408,"pw":0.5521041758170253,"pm":0.02172498495274348,"pu":0.12439607632619198},"18":{"r":"white","tx":85981,"inc":91267,"pa":0.045079726916411766,"pb":0.05930379967667275,"ph":0.0749235296170084,"pw":0.6924553098940464,"pm":0.01923680813202917,"pu":0.10900082576383155},"19":{"r":"white","tx":38976,"inc":91808,"pa":0.027196223316912974,"pb":0.027144909688013138,"ph":0.06470648604269294,"pw":0.7401990968801314,"pm":0.018755131362889983,"pu":0.12199815270935961},"20":{"r":"white","tx":31073,"inc":104490,"pa":0.03289029060599234,"pb":0.02706529784700544,"ph":0.08122807582145271,"pw":0.6669455797637821,"pm":0.02967206256235317,"pu":0.16219869339941428},"21":{"r":"white","tx":48996,"inc":92744,"pa":0.027165482896562985,"pb":0.043309657931259696,"ph":0.07329169728141073,"pw":0.7205486162135685,"pm":0.017879010531471957,"pu":0.11780553514572618},"22":{"r":"white","tx":39608,"inc":94105,"pa":0.025550393859826298,"pb":0.18811856190668552,"ph":0.05112603514441527,"pw":0.5851848111492628,"pm":0.018279135528176126,"pu":0.13174106241163402},"23":{"r":"white","tx":15574,"inc":125426,"pa":0.014382945935533582,"pb":0.02054706562219083,"ph":0.018363939899833055,"pw":0.7882368049312958,"pm":0.020290227301913447,"pu":0.13817901630923335},"24":{"r":"white","tx":65198,"inc":137893,"pa":0.08417436117672321,"pb":0.21229178809165924,"ph":0.10360747262185957,"pw":0.4044755974109635,"pm":0.03216356329948771,"pu":0.16328721739930674},"25":{"r":"white","tx":60395,"inc":173904,"pa":0.10840301349449458,"pb":0.05889560394072357,"ph":0.09932941468664624,"pw":0.5489858431989403,"pm":0.03044954052487789,"pu":0.1539365841543174},"26":{"r":"white","tx":103399,"inc":100529,"pa":0.048153270341105815,"pb":0.06301801758237507,"ph":0.04298881033665703,"pw":0.6845037186046287,"pm":0.01887832570914612,"pu":0.1424578574260873},"27":{"r":"white","tx":68246,"inc":110832,"pa":0.06539577411130322,"pb":0.052017700671101605,"ph":0.06269964540046304,"pw":0.6698854145297893,"pm":0.02759136066582657,"pu":0.12241010462151627},"28":{"r":"white","tx":28398,"inc":89219,"pa":0.018275934924994717,"pb":0.21695189802098738,"ph":0.03641101486020142,"pw":0.585956757518135,"pm":0.014437636453271356,"pu":0.12796675822241002},"29":{"r":"white","tx":76160,"inc":98465,"pa":0.029805672268907565,"pb":0.0531906512605042,"ph":0.039233193277310924,"pw":0.6948792016806723,"pm":0.022584033613445378,"pu":0.16030724789915968},"30":{"r":"white","tx":10623,"inc":128650,"pa":0.008378047632495528,"pb":0.003388873199661113,"ph":0.023345570930998778,"pw":0.7932787348206721,"pm":0.02494587216417208,"pu":0.14666290125200038},"31":{"r":"white","tx":22777,"inc":104531,"pa":0.03740615533213329,"pb":0.02476182113535584,"ph":0.10962813364358782,"pw":0.6791061158185889,"pm":0.023620318742591212,"pu":0.1254774553277429},"32":{"r":"Highly Diverse","tx":40414,"inc":126475,"pa":0.12926213688325827,"pb":0.05050230118275845,"ph":0.21042213094472212,"pw":0.38622754491017963,"pm":0.04513287474637502,"pu":0.1784530113327065},"33":{"r":"white","tx":14148,"inc":146473,"pa":0.04148996324568844,"pb":0.009188577890867968,"ph":0.03604749787955895,"pw":0.746607294317218,"pm":0.019861464517953068,"pu":0.1468052021487136},"34":{"r":"white","tx":79157,"inc":169577,"pa":0.1457104235885645,"pb":0.06452998471392296,"ph":0.13225614917189887,"pw":0.46935836375810097,"pm":0.024407190772768043,"pu":0.16373788799474462},"35":{"r":"Highly Diverse","tx":22717,"inc":102382,"pa":0.02509134128626139,"pb":0.016023242505612538,"ph":0.3867588149843729,"pw":0.39666329180789717,"pm":0.02843685345776291,"pu":0.14702645595809305},"36":{"r":"white","tx":114948,"inc":161077,"pa":0.13340814977207086,"pb":0.058365521801162265,"ph":0.0859606082750461,"pw":0.542801962626579,"pm":0.02408045377040053,"pu":0.15538330375474127},"37":{"r":"white","tx":143703,"inc":120625,"pa":0.08496691092044008,"pb":0.10189070513489627,"ph":0.08903780714390096,"pw":0.5620202779343507,"pm":0.025872807109106978,"pu":0.136211491757305},"38":{"r":"white","tx":8289,"inc":99344,"pa":0.02292194474604898,"pb":0.02087103390034986,"ph":0.03160815538665702,"pw":0.7629388346000724,"pm":0.023887079261672096,"pu":0.13777295210519966},"39":{"r":"white","tx":126661,"inc":98797,"pa":0.04320193271804265,"pb":0.06642928762602537,"ph":0.03924649260624818,"pw":0.6932836468999929,"pm":0.019414026416971285,"pu":0.1384246137327196},"40":{"r":"white","tx":45920,"inc":97429,"pa":0.037695993031358885,"pb":0.03636759581881533,"ph":0.08954703832752613,"pw":0.5590592334494774,"pm":0.07142857142857142,"pu":0.20590156794425088},"41":{"r":"white","tx":41869,"inc":132236,"pa":0.06056987269817765,"pb":0.01891614320857914,"ph":0.08829921899257206,"pw":0.6341207098330507,"pm":0.04315842269937185,"pu":0.15493563256824858},"42":{"r":"white","tx":119162,"inc":110068,"pa":0.06845303032846041,"pb":0.055646934425404075,"ph":0.08176264245313103,"pw":0.6268105604135547,"pm":0.02006512143132878,"pu":0.14726171094812104},"44":{"r":"white","tx":10204,"inc":137918,"pa":0.03871030968247746,"pb":0.05635045080360643,"ph":0.14484515876127008,"pw":0.6013328106624853,"pm":0.024108192865542926,"pu":0.1346530772246178},"45":{"r":"white","tx":79545,"inc":113516,"pa":0.029266452951159722,"pb":0.1165755232887045,"ph":0.061814067508957196,"pw":0.6387202212584072,"pm":0.02064240367087812,"pu":0.13298133132189327},"46":{"r":"white","tx":9534,"inc":102200,