{"01":{"r":"white","tx":35038,"inc":65904,"pa":0.017866316570580514,"pb":0.12460756892516696,"ph":0.021234088703693133,"pw":0.7888863519607283,"pm":0.005337062617729323,"pu":0.04206861122210172},"02":{"r":"white","tx":8167,"inc":87779,"pa":0.03661075058160891,"pb":0.02008081302803967,"ph":0.03710052650912208,"pw":0.7271948083751684,"pm":0.08228235582221134,"pu":0.09673074568384964},"04":{"r":"white","tx":71735,"inc":74974,"pa":0.03264794033595874,"pb":0.025231755767756325,"ph":0.18072070816198507,"pw":0.691614971771102,"pm":0.0093259914964801,"pu":0.06045863246671778},"05":{"r":"white","tx":22513,"inc":63815,"pa":0.016612623817349976,"pb":0.06600630746679696,"ph":0.050370896815173455,"pw":0.8357837693776929,"pm":0.0063518855772220495,"pu":0.02487451694576467},"06":{"r":"white","tx":262690,"inc":115777,"pa":0.15992614869237504,"pb":0.028550763257071073,"ph":0.20462141687921123,"pw":0.4978149149187255,"pm":0.011751494156610453,"pu":0.0973352620960067},"08":{"r":"white","tx":81041,"inc":84400,"pa":0.02880023691711603,"pb":0.020940018015572364,"ph":0.09186707962636197,"pw":0.7698202144593478,"pm":0.0066509544551523305,"pu":0.08192149652644957},"09":{"r":"white","tx":26975,"inc":107900,"pa":0.04871177015755329,"pb":0.04819277108433735,"ph":0.07021316033364226,"pw":0.7550695088044486,"pm":0.003076923076923077,"pu":0.07473586654309546},"10":{"r":"white","tx":8156,"inc":74476,"pa":0.04315841098577734,"pb":0.12996566944580676,"ph":0.04413928396272683,"pw":0.7073320255026974,"pm":0.005517410495340854,"pu":0.06988719960765082},"11":{"r":"white","tx":6599,"inc":141015,"pa":0.053189877254129415,"pb":0.11835126534323383,"ph":0.05152295802394302,"pw":0.5397787543567207,"pm":0.00393999090771329,"pu":0.23321715411425972},"12":{"r":"white","tx":175639,"inc":78722,"pa":0.026582934314132965,"pb":0.06660821343779001,"ph":0.17443164672994038,"pw":0.6536816993947814,"pm":0.00522662962098395,"pu":0.07346887650237134},"13":{"r":"white","tx":87828,"inc":77050,"pa":0.05802249851983422,"pb":0.16047274217789315,"ph":0.054151295714350775,"pw":0.6277155349091406,"pm":0.004303866648449241,"pu":0.09533406203033201},"15":{"r":"Highly Diverse","tx":8192,"inc":103894,"pa":0.3704833984375,"pb":0.0223388671875,"ph":0.046875,"pw":0.383544921875,"pm":0.087646484375,"pu":0.089111328125},"16":{"r":"white","tx":19103,"inc":62835,"pa":0.012092341517039208,"pb":0.004815997487305659,"ph":0.05287127676281212,"pw":0.8765115426896299,"pm":0.008061561011359472,"pu":0.045647280531853636},"17":{"r":"white","tx":109138,"inc":86448,"pa":0.058751305686378714,"pb":0.053785116091553814,"ph":0.09903058513075189,"pw":0.7331451923253129,"pm":0.0035184811889534353,"pu":0.05176931957704924},"18":{"r":"white","tx":62693,"inc":63548,"pa":0.023734707224092003,"pb":0.03582537125356898,"ph":0.03467691767820969,"pw":0.8491538130253776,"pm":0.004561912813232738,"pu":0.052047278005518956},"19":{"r":"white","tx":30574,"inc":66965,"pa":0.02191404461306993,"pb":0.011153267482174397,"ph":0.027310786943154315,"pw":0.8889906456466279,"pm":0.00327075292732387,"pu":0.04736050238764964},"20":{"r":"white","tx":26172,"inc":74109,"pa":0.026707932141219623,"pb":0.021358703958428857,"ph":0.0544857099189974,"pw":0.8282897753324163,"pm":0.007871007183249274,"pu":0.06128687146568852},"21":{"r":"white","tx":33689,"inc":63994,"pa":0.015019739380806791,"pb":0.036302650716851195,"ph":0.021342277894861823,"pw":0.8653269613226869,"pm":0.005550773249428597,"pu":0.05645759743536466},"22":{"r":"white","tx":34939,"inc":73607,"pa":0.02160909012850969,"pb":0.1314290620796245,"ph":0.027390595037064598,"pw":0.7778700020034918,"pm":0.004779759008557772,"pu":0.03692149174275165},"23":{"r":"white","tx":10116,"inc":70089,"pa":0.009588770264926848,"pb":0.0050415183867141165,"ph":0.009588770264926848,"pw":0.9185448793989719,"pm":0.003756425464610518,"pu":0.05347963621984974},"24":{"r":"white","tx":53834,"inc":98286,"pa":0.0774789166697626,"pb":0.17559534866441281,"ph":0.06369580562469815,"pw":0.5581602704610469,"pm":0.005219749600624141,"pu":0.11984990897945537},"25":{"r":"white","tx":59797,"inc":106108,"pa":0.07595698780875294,"pb":0.03142298108600766,"ph":0.05376523905881566,"pw":0.7515427195344248,"pm":0.0036289445958827366,"pu":0.08368312791611619},"26":{"r":"white","tx":85926,"inc":68929,"pa":0.02994437073761143,"pb":0.04105858529432302,"ph":0.023636617554640037,"pw":0.8415729814026023,"pm":0.0046435304797151035,"pu":0.05914391453110816},"27":{"r":"white","tx":60144,"inc":77100,"pa":0.04436020218143123,"pb":0.020417664272412876,"ph":0.023227587124235168,"pw":0.8504422718808193,"pm":0.0049381484437350355,"pu":0.056614126097366324},"28":{"r":"white","tx":15579,"inc":65181,"pa":0.014314140830605303,"pb":0.16496565889980103,"ph":0.01822966814301303,"pw":0.770716990820977,"pm":0.0030810706720585403,"pu":0.02869247063354516},"29":{"r":"white","tx":54345,"inc":68489,"pa":0.019376207562793266,"pb":0.04226699788388996,"ph":0.021105897506670347,"pw":0.8567117490109486,"pm":0.004195418161744411,"pu":0.056343729873953446},"30":{"r":"white","tx":9811,"inc":68436,"pa":0.0063194373662215884,"pb":0.0033635715013760063,"ph":0.01579859341555397,"pw":0.918458872693915,"pm":0.012842727550708389,"pu":0.04321679747222505},"31":{"r":"white","tx":18486,"inc":71230,"pa":0.023801795953694686,"pb":0.016390782213567025,"ph":0.04706264199935086,"pw":0.8479930758411771,"pm":0.00448988423671968,"pu":0.06026181975549064},"32":{"r":"white","tx":29186,"inc":72054,"pa":0.08048379359967107,"pb":0.043514013568149115,"ph":0.1817309669019393,"pw":0.6175220996368121,"pm":0.01709723840197355,"pu":0.059651887891454806},"33":{"r":"white","tx":11955,"inc":84648,"pa":0.020158929318276873,"pb":0.006106231702216646,"ph":0.02132998745294856,"pw":0.8741112505227938,"pm":0.004015056461731493,"pu":0.07427854454203263},"34":{"r":"white","tx":61812,"inc":112646,"pa":0.12636704846955285,"pb":0.05502167863845208,"ph":0.09337992622791691,"pw":0.6418333009771565,"pm":0.003963631657283376,"pu":0.07943441402963826},"35":{"r":"white","tx":13293,"inc":72028,"pa":0.021966448506732867,"pb":0.01752802226735876,"ph":0.30595050026329645,"pw":0.57737154893553,"pm":0.019483938915218536,"pu":0.05769954111186339},"36":{"r":"white","tx":100264,"inc":106473,"pa":0.09396194047714035,"pb":0.052591159339344135,"ph":0.06051025293225884,"pw":0.7090680603207532,"pm":0.004298651559881911,"pu":0.07956993537062156},"37":{"r":"white","tx":92725,"inc":75635,"pa":0.037357778376921,"pb":0.09555136155297923,"ph":0.04741978970072796,"pw":0.7473604745214344,"pm":0.0057158263682933405,"pu":0.06659476947964411},"38":{"r":"white","tx":8600,"inc":76263,"pa":0.011395348837209301,"pb":0.008255813953488372,"ph":0.01197674418604651,"pw":0.9259302325581396,"pm":0.01058139534883721,"pu":0.03186046511627907},"39":{"r":"white","tx":98466,"inc":70813,"pa":0.02271850181788638,"pb":0.04532528994779924,"ph":0.018453070095261308,"pw":0.8362175776410131,"pm":0.003970913817967624,"pu":0.07331464668007232},"40":{"r":"white","tx":34661,"inc":70214,"pa":0.024090476327861286,"pb":0.03237067597588067,"ph":0.04994085571679986,"pw":0.7658751911370127,"pm":0.07760883990652317,"pu":0.05011396093592222},"41":{"r":"white","tx":40400,"inc":80213,"pa":0.04868811881188119,"pb":0.009183168316831683,"ph":0.04603960396039604,"pw":0.7910891089108911,"pm":0.011881188118811881,"pu":0.09311881188118812},"42":{"r":"white","tx":95079,"inc":78174,"pa":0.037242713953659586,"pb":0.03995624691046393,"ph":0.03523385816005637,"pw":0.8158583914429054,"pm":0.0027661208048044257,"pu":0.0689426687281103},"44":{"r":"white","tx":7718,"inc":80249,"pa":0.023451671417465663,"pb":0.025654314589271834,"ph":0.08072039388442602,"pw":0.816791915003887,"pm":0.0029800466442083443,"pu":0.05040165846074113},"45":{"r":"white","tx":46503,"inc":70244,"pa":0.01795583080661463,"pb":0.0962948626970303,"ph":0.027331570006236157,"pw":0.7909597230286218,"pm":0.004107261897081909,"pu":0.0633507515644152},"46":{"r":"white","tx":8229,"inc":66049,"pa":0.011544537610888321,"pb":0.009721715882853324,