{"01":{"r":"white","tx":54709,"inc":59525,"pa":0.014933557549946078,"pb":0.16044892065290903,"ph":0.019009669341424628,"pw":0.7469520554204976,"pm":0.004112668847904366,"pu":0.05454312818731836},"02":{"r":"white","tx":8874,"inc":77699,"pa":0.03279242731575389,"pb":0.02377732702276313,"ph":0.03234167230110435,"pw":0.7973856209150327,"pm":0.05454135677259409,"pu":0.05916159567275186},"04":{"r":"white","tx":84154,"inc":79967,"pa":0.030836323882406064,"pb":0.02460964422368515,"ph":0.18921263398055946,"pw":0.6307483898566913,"pm":0.009304370558737552,"pu":0.11528863749792048},"05":{"r":"white","tx":29144,"inc":54148,"pa":0.012695580565468021,"pb":0.08588388690639583,"ph":0.06385533900631347,"pw":0.7865083722206972,"pm":0.006690914081800714,"pu":0.044365907219324735},"06":{"r":"white","tx":280964,"inc":134916,"pa":0.14082587093008356,"pb":0.035349724519867315,"ph":0.22196793895303313,"pw":0.46521262510499567,"pm":0.015044632052504947,"pu":0.12159920843951538},"08":{"r":"white","tx":76368,"inc":78035,"pa":0.023216530483972344,"pb":0.020073852922690132,"ph":0.09125549968573224,"pw":0.7696548292478526,"pm":0.005944898386758852,"pu":0.08985438927299393},"09":{"r":"white","tx":40969,"inc":103998,"pa":0.04059166687007249,"pb":0.06448778344602016,"ph":0.07984085528082209,"pw":0.7143449925553468,"pm":0.004295931069833289,"pu":0.09643877077790525},"10":{"r":"white","tx":10954,"inc":74019,"pa":0.02921307285010042,"pb":0.16258900858134015,"ph":0.04957093299251415,"pw":0.6291765565090378,"pm":0.004838415190797882,"pu":0.1246120138762096},"11":{"r":"white","tx":8062,"inc":116540,"pa":0.041677003225006205,"pb":0.23220044653932026,"ph":0.06040684693624411,"pw":0.46936244108161745,"pm":0.0042173158025303895,"pu":0.19213594641528156},"12":{"r":"white","tx":204244,"inc":84327,"pa":0.02345723742190713,"pb":0.1027496523765692,"ph":0.24310138853528132,"pw":0.5360451225005386,"pm":0.0057039619278901705,"pu":0.0889426372378136},"13":{"r":"white","tx":123450,"inc":68129,"pa":0.0389469420818145,"pb":0.22913730255164033,"ph":0.06080194410692588,"pw":0.5683110571081409,"pm":0.005022276225192386,"pu":0.09778047792628594},"15":{"r":"Highly Diverse","tx":10515,"inc":102802,"pa":0.3774607703281027,"pb":0.020732287208749405,"ph":0.03204945316214931,"pw":0.3658582976699952,"pm":0.13076557299096528,"pu":0.07313361864003805},"16":{"r":"white","tx":20671,"inc":61502,"pa":0.010642929708286971,"pb":0.0033863867253640365,"ph":0.061100091916211116,"pw":0.8652218083305113,"pm":0.0065308886846306416,"pu":0.05311789463499589},"17":{"r":"white","tx":143724,"inc":78714,"pa":0.05120230441679886,"pb":0.08681918120842726,"ph":0.10083215051070106,"pw":0.7028819125546186,"pm":0.004585177145083633,"pu":0.0536792741643706},"18":{"r":"white","tx":76018,"inc":55985,"pa":0.014351864032202899,"pb":0.05551316793391039,"ph":0.041200768239101265,"pw":0.8362624641532269,"pm":0.003130837433239496,"pu":0.049540898208319084},"19":{"r":"white","tx":34220,"inc":55541,"pa":0.015897136177673875,"pb":0.013413208649912332,"ph":0.0277030976037405,"pw":0.8912331969608416,"pm":0.002542372881355932,"pu":0.049210987726475745},"20":{"r":"white","tx":35198,"inc":62030,"pa":0.022955849764191148,"pb":0.030598329450536962,"ph":0.06196374794022388,"pw":0.80575600886414,"pm":0.006790158531734758,"pu":0.07193590544917325},"21":{"r":"white","tx":39791,"inc":58443,"pa":0.013394988816566561,"pb":0.0439295318036742,"ph":0.01997939232489759,"pw":0.8523535472845618,"pm":0.0031916765097635144,"pu":0.0671508632605363},"22":{"r":"white","tx":43000,"inc":63985,"pa":0.01872093023255814,"pb":0.17883720930232558,"ph":0.02653488372093023,"pw":0.6962790697674418,"pm":0.004581395348837209,"pu":0.07504651162790697},"23":{"r":"white","tx":10313,"inc":63819,"pa":0.01027828953747697,"pb":0.004751284786192185,"ph":0.008048094637835741,"pw":0.9041985843110637,"pm":0.004072529816736158,"pu":0.06865121691069524},"24":{"r":"white","tx":67363,"inc":92659,"pa":0.05451063640277304,"pb":0.23397117111767587,"ph":0.06935558095690512,"pw":0.5184151537194008,"pm":0.006056737378085893,"pu":0.11769072042515921},"25":{"r":"white","tx":62654,"inc":93760,"pa":0.053276726146774346,"pb":0.03999744629233568,"ph":0.05286174865132314,"pw":0.7586586650493184,"pm":0.003240016599099818,"pu":0.09196539726114852},"26":{"r":"white","tx":82633,"inc":60496,"pa":0.020609199714399815,"pb":0.09746711362288674,"ph":0.027773407718465988,"pw":0.7927099342877543,"pm":0.004538138516089214,"pu":0.056902206140403956},"27":{"r":"white","tx":53060,"inc":69078,"pa":0.036882774217866565,"pb":0.029739917075009423,"ph":0.026517150395778365,"pw":0.8421975122502827,"pm":0.005936675461741424,"pu":0.058725970599321525},"28":{"r":"white","tx":24036,"inc":57143,"pa":0.013979031452820768,"pb":0.21055916125811283,"ph":0.015684806124147112,"pw":0.7029871858878349,"pm":0.0030787152604426693,"pu":0.05371110001664171},"29":{"r":"white","tx":70717,"inc":59203,"pa":0.0160923116082413,"pb":0.06936097402321931,"ph":0.021974914094206485,"pw":0.8086457287498056,"pm":0.004383670121752902,"pu":0.07954240140277444},"30":{"r":"white","tx":9914,"inc":60683,"pa":0.005144240468025015,"pb":0.0029251563445632438,"ph":0.015331853943917692,"pw":0.9222311882186807,"pm":0.014726649182973573,"pu":0.03964091184183982},"31":{"r":"white","tx":19755,"inc":59859,"pa":0.01589471019994938,"pb":0.02495570741584409,"ph":0.05041761579347001,"pw":0.8495064540622628,"pm":0.00480890913692736,"pu":0.05441660339154644},"32":{"r":"white","tx":32992,"inc":85338,"pa":0.07647308438409312,"pb":0.0433135305528613,"ph":0.17946774975751698,"pw":0.5906583414161009,"pm":0.018610572259941803,"pu":0.09147672162948593},"33":{"r":"white","tx":12332,"inc":78838,"pa":0.02075900097307817,"pb":0.006892637041842361,"ph":0.016380149205319494,"pw":0.8451183911774246,"pm":0.0027570548167369447,"pu":0.10809276678559844},"34":{"r":"white","tx":90917,"inc":108101,"pa":0.10103720976275064,"pb":0.07715828722901108,"ph":0.11051838490051366,"pw":0.5800345369952814,"pm":0.004773584698131263,"pu":0.12647799641431196},"35":{"r":"white","tx":21352,"inc":67812,"pa":0.02051330086174597,"pb":0.01479955039340577,"ph":0.3030629449231922,"pw":0.5668321468714874,"pm":0.014003372049456725,"pu":0.08078868490071188},"36":{"r":"white","tx":147937,"inc":107566,"pa":0.09066697310341565,"pb":0.07099643767279315,"ph":0.07770875440221175,"pw":0.6541771159344856,"pm":0.006029593678390126,"pu":0.10042112520870371},"37":{"r":"white","tx":124866,"inc":67968,"pa":0.02733330129899252,"pb":0.11910367914404241,"ph":0.05310492848333413,"pw":0.6978601060336681,"pm":0.005846267198436724,"pu":0.09675171784152611},"38":{"r":"white","tx":6903,"inc":56837,"pa":0.009416195856873822,"pb":0.005649717514124294,"ph":0.011154570476604375,"pw":0.9054034477763291,"pm":0.012168622338113864,"pu":0.056207446037954516},"39":{"r":"white","tx":115355,"inc":61320,"pa":0.016358198604308438,"pb":0.06978457804169737,"ph":0.018031294698972737,"pw":0.8285119847427507,"pm":0.003840319015213905,"pu":0.06347362489705691},"40":{"r":"white","tx":42533,"inc":57560,"pa":0.018667857898572872,"pb":0.04036865492676275,"ph":0.04930289422330896,"pw":0.787529682834505,"pm":0.04568217619260339,"pu":0.05844873392424706},"41":{"r":"white","tx":43394,"inc":77865,"pa":0.046273678388717335,"pb":0.010070516661289578,"ph":0.06063050191270682,"pw":0.7954325482785639,"pm":0.009563534129142277,"pu":0.07802922062958012},"42":{"r":"white","tx":129544,"inc":69687,"pa":0.0340193293398382,"pb":0.058590131538319025,"ph":0.04671771753226703,"pw":0.7477922559130489,"pm":0.003303896745507318,"pu":0.10957666893101958},"44":{"r":"white","tx":9163,"inc":79464,"pa":0.024991814907781296,"pb":0.03274036887482266,"ph":0.1043326421477682,"pw":0.7592491542071375,"pm":0.0034923060133144166,"pu":0.07519371384917603},"45":{"r":"white","tx":58063,"inc":64269,"pa":0.01443259907342025,"pb":0.11742417718684876,"ph":0.0307769147305513,"pw":0.7309301965106867,"pm":0.004185109277853366,"pu":0.10225100322063965},"46":{"r":"white","tx":9508,"inc":55401,"pa":0.004627681952040387,