{"01":{"r":"white","tx":31123,"inc":62256,"pa":0.014008932300870738,"pb":0.12180702374449764,"ph":0.016033158757189216,"pw":0.7952960832824599,"pm":0.004980239694116891,"pu":0.0478745622208656},"02":{"r":"white","tx":6942,"inc":84271,"pa":0.0341400172860847,"pb":0.015413425525785077,"ph":0.028233938346297897,"pw":0.7614520311149524,"pm":0.07461826562950158,"pu":0.08614232209737828},"04":{"r":"white","tx":59040,"inc":69692,"pa":0.03556910569105691,"pb":0.021392276422764228,"ph":0.15152439024390243,"pw":0.7098746612466125,"pm":0.009197154471544716,"pu":0.07244241192411924},"05":{"r":"white","tx":20964,"inc":59307,"pa":0.015455065827132226,"pb":0.06105705018126312,"ph":0.048511734401831715,"pw":0.8475481778286587,"pm":0.005676397634039305,"pu":0.021751574127074985},"06":{"r":"white","tx":249609,"inc":99221,"pa":0.15701757548806333,"pb":0.026168928203710605,"ph":0.20500062097119895,"pw":0.49576337391680586,"pm":0.011085337467799638,"pu":0.10496416395242159},"08":{"r":"white","tx":61998,"inc":79918,"pa":0.02819445788573825,"pb":0.018274783057517983,"ph":0.08134133359140618,"pw":0.7836865705345334,"pm":0.005919545791799735,"pu":0.08258330913900448},"09":{"r":"white","tx":24258,"inc":101943,"pa":0.046170335559403086,"pb":0.04171819605903207,"ph":0.05936186000494682,"pw":0.7512573171737159,"pm":0.004328468958694039,"pu":0.0971638222442081},"10":{"r":"white","tx":6963,"inc":67868,"pa":0.03848915697256929,"pb":0.12796208530805686,"ph":0.04265402843601896,"pw":0.7279908085595289,"pm":0.003015941404566997,"pu":0.05988797931925894},"11":{"r":"white","tx":5695,"inc":129112,"pa":0.05162423178226515,"pb":0.11957857769973661,"ph":0.04618086040386304,"pw":0.5385425812115892,"pm":0.004389815627743635,"pu":0.23968393327480245},"12":{"r":"white","tx":123900,"inc":73662,"pa":0.02602098466505246,"pb":0.06681194511702987,"ph":0.1657142857142857,"pw":0.666723163841808,"pm":0.004923325262308313,"pu":0.06980629539951574},"13":{"r":"white","tx":65600,"inc":70274,"pa":0.05367378048780488,"pb":0.17192073170731706,"ph":0.04826219512195122,"pw":0.6460213414634146,"pm":0.00448170731707317,"pu":0.07564024390243902},"15":{"r":"asian","tx":6857,"inc":93038,"pa":0.43342569636867434,"pb":0.01458363715910748,"ph":0.033834038209129357,"pw":0.36298672889018524,"pm":0.0931894414466968,"pu":0.061980457926206795},"16":{"r":"white","tx":13588,"inc":56346,"pa":0.011922284368560495,"pb":0.0032381513099793936,"ph":0.05607889314100677,"pw":0.8648807771563144,"pm":0.008978510450397409,"pu":0.05490138357374154},"17":{"r":"white","tx":85888,"inc":81908,"pa":0.057411978390462,"pb":0.04890089418777943,"ph":0.09030365126676602,"pw":0.7459947839046199,"pm":0.0031902011922503725,"pu":0.0541984910581222},"18":{"r":"white","tx":52227,"inc":59271,"pa":0.021789495854634577,"pb":0.0448235586956938,"ph":0.03042487602198097,"pw":0.8519156757998736,"pm":0.004920826392478986,"pu":0.04612556723533805},"19":{"r":"white","tx":25350,"inc":62276,"pa":0.017554240631163707,"pb":0.009704142011834319,"ph":0.025009861932938856,"pw":0.9028402366863906,"pm":0.0019723865877712033,"pu":0.04291913214990138},"20":{"r":"white","tx":22661,"inc":70073,"pa":0.023520586028860157,"pb":0.021270023388199992,"ph":0.04765897356692114,"pw":0.8418869423238162,"pm":0.0060456290543224045,"pu":0.05961784563788006},"21":{"r":"white","tx":28977,"inc":60506,"pa":0.01280325775615143,"pb":0.08530903820271249,"ph":0.020188425302826378,"pw":0.8303136970700901,"pm":0.004106705318010836,"pu":0.04727887635020878},"22":{"r":"white","tx":30592,"inc":68464,"pa":0.016605648535564854,"pb":0.12032557531380753,"ph":0.024385460251046025,"pw":0.7927562761506276,"pm":0.0037918410041841003,"pu":0.042135198744769876},"23":{"r":"white","tx":8084,"inc":64026,"pa":0.009153884215734785,"pb":0.004205838693715982,"ph":0.006556160316674914,"pw":0.9200890648193963,"pm":0.0047006432459178625,"pu":0.05529440870856012},"24":{"r":"white","tx":46164,"inc":93291,"pa":0.06981630707910927,"pb":0.16904947578199464,"ph":0.05023394853132311,"pw":0.6018325968286977,"pm":0.005068884845334027,"pu":0.10399878693354128},"25":{"r":"white","tx":52073,"inc":99288,"pa":0.06851919420813089,"pb":0.026578073089700997,"ph":0.04441841261306243,"pw":0.764254027999155,"pm":0.00289977531542258,"pu":0.09333051677452807},"26":{"r":"white","tx":66152,"inc":64807,"pa":0.02548675776998428,"pb":0.04324888136413109,"ph":0.020241262546861774,"pw":0.8596414318539122,"pm":0.004066392550489781,"pu":0.04731527391462087},"27":{"r":"white","tx":49332,"inc":71142,"pa":0.04224438498337793,"pb":0.01907483986053677,"ph":0.019926214222006,"pw":0.8611854374442552,"pm":0.004864996351252737,"pu":0.05270412713857131},"28":{"r":"white","tx":13757,"inc":60588,"pa":0.01315693828596351,"pb":0.14966925928618158,"ph":0.015119575488842045,"pw":0.8000290761067093,"pm":0.0031256814712509995,"pu":0.018899469361052555},"29":{"r":"white","tx":44845,"inc":63567,"pa":0.016969561824060654,"pb":0.04236815698517114,"ph":0.017973018173709443,"pw":0.8640874121975695,"pm":0.004615899208384435,"pu":0.053985951611104914},"30":{"r":"white","tx":7173,"inc":61891,"pa":0.006134114038756448,"pb":0.002230586923184163,"ph":0.012825874808308936,"pw":0.9374041544681444,"pm":0.012407639760211905,"pu":0.028997630001394117},"31":{"r":"white","tx":15578,"inc":67267,"pa":0.021504686095776094,"pb":0.01559892155604057,"ph":0.04249582744896649,"pw":0.8646167672358455,"pm":0.0049428681473873415,"pu":0.05084092951598408},"32":{"r":"white","tx":23840,"inc":63313,"pa":0.08036912751677852,"pb":0.041484899328859064,"ph":0.1524748322147651,"pw":0.6426593959731544,"pm":0.01778523489932886,"pu":0.0652265100671141},"33":{"r":"white","tx":9965,"inc":80153,"pa":0.02027094831911691,"pb":0.0055193176116407425,"ph":0.018866031108881083,"pw":0.8730556949322629,"pm":0.0034119417962870046,"pu":0.07887606623181134},"34":{"r":"white","tx":51443,"inc":106160,"pa":0.1119685865909842,"pb":0.051746593316874985,"ph":0.08669789864510234,"pw":0.6625779989502945,"pm":0.00450984584880353,"pu":0.08249907664794044},"35":{"r":"white","tx":12028,"inc":67018,"pa":0.018872630528766213,"pb":0.015547056867309611,"ph":0.2948121050881277,"pw":0.5814765547056867,"pm":0.02460924509477885,"pu":0.06468240771533089},"36":{"r":"white","tx":91764,"inc":100876,"pa":0.08850965520247592,"pb":0.053103613617540645,"ph":0.056133124100954626,"pw":0.7151170393618412,"pm":0.004598753323743516,"pu":0.08253781439344406},"37":{"r":"white","tx":69013,"inc":70574,"pa":0.03381971512613566,"pb":0.09354759248257574,"ph":0.04042716589628041,"pw":0.763117093880863,"pm":0.0058684595655890915,"pu":0.06321997304855607},"38":{"r":"white","tx":7873,"inc":69505,"pa":0.007239933951479741,"pb":0.006223802870570304,"ph":0.009145179728184936,"pw":0.9448748888606631,"pm":0.009018163343071256,"pu":0.023498031246030737},"39":{"r":"white","tx":78361,"inc":67240,"pa":0.02058421919066883,"pb":0.050037646278123044,"ph":0.01638570207118337,"pw":0.8423960898916553,"pm":0.004058141167162237,"pu":0.06653820140120724},"40":{"r":"white","tx":30906,"inc":64657,"pa":0.02235811816475765,"pb":0.030641299424060055,"ph":0.045169222804633404,"pw":0.7858668219763153,"pm":0.0676891218533618,"pu":0.048275415776871805},"41":{"r":"white","tx":30524,"inc":72133,"pa":0.0470449482374525,"pb":0.007895426549600314,"ph":0.04301533219761499,"pw":0.8042523915607391,"pm":0.010319748394705805,"pu":0.0874721530598873},"42":{"r":"white","tx":84382,"inc":73615,"pa":0.03260173970752056,"pb":0.03723542935697187,"ph":0.031298144153966485,"pw":0.8300822450285605,"pm":0.002251665047047949,"pu":0.06653077670593255},"44":{"r":"white","tx":6372,"inc":75382,"pa":0.018675455116133083,"pb":0.02699309478970496,"ph":0.06528562460765851,"pw":0.8184243565599498,"pm":0.003452605147520402,"pu":0.06716886377903326},"45":{"r":"white","tx":34516,"inc":64595,"pa":0.015007532738440143,"pb":0.0921311855371422,"ph":0.023815042299223547,"pw":0.7967319503998146,"pm":0.003679453007300962,"pu":0.06863483601807857},"46":{"r":"white","tx":7457,"inc":62113,"pa":0.008180233337803405,