{"01":{"r":"white","tx":73188,"inc":88595,"pa":0.025605290484778925,"pb":0.14584358091490407,"ph":0.03336612559435973,"pw":0.6618161447231786,"pm":0.016601082144613873,"pu":0.11676777613816473},"02":{"r":"white","tx":9979,"inc":104002,"pa":0.04669806593847079,"pb":0.020843771921034173,"ph":0.04990480008016835,"pw":0.6172963222767812,"pm":0.05752079366670007,"pu":0.20773624611684538},"04":{"r":"white","tx":117554,"inc":113416,"pa":0.056314544804940705,"pb":0.03217244840668969,"ph":0.169607159262977,"pw":0.5435714650288378,"pm":0.02928866733586267,"pu":0.1690457151606921},"05":{"r":"white","tx":43268,"inc":83923,"pa":0.029814181381159287,"pb":0.06753258759360266,"ph":0.05736340944809097,"pw":0.6618054913561986,"pm":0.019020985485809373,"pu":0.16446334473513913},"06":{"r":"Highly Diverse","tx":347863,"inc":179222,"pa":0.19650264615667662,"pb":0.03265653432529473,"ph":0.19414539631981556,"pw":0.33408841986644167,"pm":0.039780028344491944,"pu":0.20282697498727947},"08":{"r":"white","tx":106297,"inc":134450,"pa":0.04541990836994459,"pb":0.023725975333264343,"ph":0.11132016896055393,"pw":0.6346839515696586,"pm":0.033820333593610356,"pu":0.1510296621729682},"09":{"r":"white","tx":44534,"inc":124296,"pa":0.053554587506175054,"pb":0.08117393452193829,"ph":0.14011766290923788,"pw":0.5497821888893879,"pm":0.022746665469079805,"pu":0.15262496070418108},"10":{"r":"white","tx":17185,"inc":114474,"pa":0.054582484725050916,"pb":0.16159441373290662,"ph":0.0587139947628746,"pw":0.5530404422461449,"pm":0.024148967122490542,"pu":0.14791969741053243},"11":{"r":"white","tx":8079,"inc":182826,"pa":0.07055328629780913,"pb":0.15447456368362422,"ph":0.05520485208565416,"pw":0.4699839088996163,"pm":0.049387300408466395,"pu":0.2003960886248298},"12":{"r":"white","tx":360412,"inc":120876,"pa":0.0433087688534233,"pb":0.074295528450773,"ph":0.1980677668890048,"pw":0.5128769297359689,"pm":0.020512635539327216,"pu":0.15093837053150283},"13":{"r":"white","tx":157597,"inc":104401,"pa":0.08270462001180226,"pb":0.19150110725457972,"ph":0.07478568754481367,"pw":0.45242612486278294,"pm":0.019524483334073618,"pu":0.1790579769919478},"15":{"r":"Highly Diverse","tx":13289,"inc":161385,"pa":0.297464068026187,"pb":0.020693806907968997,"ph":0.04492437354202724,"pw":0.2805327714651215,"pm":0.11302581082097976,"pu":0.24335916923771542},"16":{"r":"white","tx":30251,"inc":109703,"pa":0.015305279164325147,"pb":0.0047601732174143005,"ph":0.06799775214042511,"pw":0.7305874185977324,"pm":0.02694125814022677,"pu":0.15440811873987637},"17":{"r":"white","tx":159937,"inc":102669,"pa":0.07187830208144456,"pb":0.08399557325696994,"ph":0.13098907694904868,"pw":0.5624402108330155,"pm":0.02110831139761281,"pu":0.1295885254819085},"18":{"r":"white","tx":101202,"inc":80934,"pa":0.047578111104523625,"pb":0.05692575245548507,"ph":0.06136242366751645,"pw":0.7114977964862355,"pm":0.0169858303195589,"pu":0.1056500859666805},"19":{"r":"white","tx":49428,"inc":81416,"pa":0.0280205551509266,"pb":0.025491624180626365,"ph":0.05507000080925791,"pw":0.7444565833131019,"pm":0.01733835073237841,"pu":0.12962288581370882},"20":{"r":"white","tx":36593,"inc":92520,"pa":0.03328505451862378,"pb":0.027382286229606756,"ph":0.07495969174432268,"pw":0.6748831743776132,"pm":0.02440357445413057,"pu":0.165086218675703},"21":{"r":"white","tx":58570,"inc":81113,"pa":0.02509817312617381,"pb":0.04684992316885778,"ph":0.043844971828581186,"pw":0.736110636844801,"pm":0.016510158784360594,"pu":0.13158613624722554},"22":{"r":"white","tx":56156,"inc":86891,"pa":0.0231319894579386,"pb":0.19143101360495762,"ph":0.0374314409858252,"pw":0.590658166536078,"pm":0.015902129781323455,"pu":0.14144525963387705},"23":{"r":"white","tx":18852,"inc":107164,"pa":0.013685550604710375,"pb":0.01776999787820921,"ph":0.014746446000424358,"pw":0.7744536388712073,"pm":0.01639083386378103,"pu":0.16295353278166771},"24":{"r":"white","tx":83449,"inc":121557,"pa":0.08013277570731825,"pb":0.22444846552984457,"ph":0.08637610995937639,"pw":0.420616184735587,"pm":0.030605519538880036,"pu":0.15782094452899376},"25":{"r":"white","tx":79375,"inc":153132,"pa":0.10053543307086614,"pb":0.05330393700787402,"ph":0.08844094488188976,"pw":0.5652535433070867,"pm":0.028560629921259843,"pu":0.1639055118110236},"26":{"r":"white","tx":126781,"inc":87511,"pa":0.0413705523698346,"pb":0.06206765998059646,"ph":0.03421648354248665,"pw":0.6931874649986985,"pm":0.016461457158407015,"pu":0.15269638194997673},"27":{"r":"white","tx":81803,"inc":101897,"pa":0.05668496265418139,"pb":0.04261457403762698,"ph":0.044851655807244234,"pw":0.7032260430546557,"pm":0.026551593462342458,"pu":0.12607117098394924},"28":{"r":"white","tx":33567,"inc":80705,"pa":0.017815116036583548,"pb":0.21634343253790925,"ph":0.027378079661572376,"pw":0.6028539935055263,"pm":0.013018738642118747,"pu":0.12259063961628981},"29":{"r":"white","tx":90467,"inc":87948,"pa":0.02551206517293599,"pb":0.05143311925895631,"ph":0.03096156609592448,"pw":0.7112538273624637,"pm":0.019366177722263365,"pu":0.1614732443874562},"30":{"r":"white","tx":13984,"inc":117188,"pa":0.008366704805491992,"pb":0.0026458810068649887,"ph":0.01909324942791762,"pw":0.7965532036613272,"pm":0.022025171624713957,"pu":0.1513157894736842},"31":{"r":"white","tx":26198,"inc":92720,"pa":0.03229254141537522,"pb":0.024047637224215587,"ph":0.08405221772654402,"pw":0.6953584243071991,"pm":0.022406290556531032,"pu":0.14184288877013512},"32":{"r":"white","tx":46457,"inc":112218,"pa":0.1344469078933207,"pb":0.055965731751942666,"ph":0.16856447898056268,"pw":0.42124975784058377,"pm":0.04494478765309856,"pu":0.17482833588049163},"33":{"r":"white","tx":18008,"inc":127134,"pa":0.03348511772545535,"pb":0.009329187027987561,"ph":0.03320746334962239,"pw":0.7433918258551755,"pm":0.019435806308307418,"pu":0.1611505997334518},"34":{"r":"white","tx":103023,"inc":145881,"pa":0.12561272725507897,"pb":0.07213923104549469,"ph":0.12726284421925202,"pw":0.49407413878454326,"pm":0.021713597934441824,"pu":0.15919746076118924},"35":{"r":"white","tx":26021,"inc":92715,"pa":0.020406594673532917,"pb":0.017947042773144767,"ph":0.3223934514430652,"pw":0.4464471004188924,"pm":0.02709350140271319,"pu":0.16571230928865147},"36":{"r":"white","tx":156445,"inc":146851,"pa":0.13724951260826487,"pb":0.056857042411070986,"ph":0.07892869698616127,"pw":0.5451372686886765,"pm":0.023720796446035346,"pu":0.158106682859791},"37":{"r":"white","tx":175113,"inc":106983,"pa":0.07070862814297053,"pb":0.10758767196039129,"ph":0.06989772318445804,"pw":0.5851021911565675,"pm":0.023933117472717615,"pu":0.14277066808289504},"38":{"r":"white","tx":9967,"inc":91074,"pa":0.014146684057389385,"pb":0.017357279020768536,"ph":0.024480786595766028,"pw":0.7775659676933881,"pm":0.01926356978027491,"pu":0.14718571285241297},"39":{"r":"white","tx":149157,"inc":87744,"pa":0.03969642725450365,"pb":0.06566906011786239,"ph":0.030746126564626535,"pw":0.7127389260980042,"pm":0.016961993067707182,"pu":0.13418746689729613},"40":{"r":"white","tx":54155,"inc":88539,"pa":0.03621087618871757,"pb":0.034715169421106085,"ph":0.0750253900840181,"pw":0.5744252608254086,"pm":0.06309666697442526,"pu":0.21652663650632445},"41":{"r":"white","tx":57398,"inc":120869,"pa":0.06150040071082616,"pb":0.015035367085961183,"ph":0.06826021812606711,"pw":0.6501271821317816,"pm":0.039949127147287364,"pu":0.1651277047980766},"42":{"r":"white","tx":149046,"inc":97657,"pa":0.0675026501885324,"pb":0.056304764971887876,"ph":0.0662211666197013,"pw":0.6357970022677563,"pm":0.017249708143794534,"pu":0.15692470780832762},"44":{"r":"white","tx":12985,"inc":114540,"pa":0.03827493261455526,"pb":0.05706584520600693,"ph":0.12999614940315748,"pw":0.6167115902964959,"pm":0.0241817481709665,"pu":0.13376973430881786},"45":{"r":"white","tx":94148,"inc":99793,"pa":0.02792411947147045,"pb":0.1145218167141097,"ph":0.047414708756426054,"pw":0.6472256447295747,"pm":0.01844967497981901,"pu":0.14446403534860008},"46":{"r":"white","tx":12111,"inc":91548,"pa":0.012302865163900585,