{"01":{"r":"white","tx":64575,"inc":72718,"pa":0.019248935346496323,"pb":0.12294231513743709,"ph":0.02518002322880372,"pw":0.7377932636469222,"pm":0.011986062717770035,"pu":0.08284939992257065},"02":{"r":"white","tx":8984,"inc":92369,"pa":0.040405164737310775,"pb":0.015360641139804097,"ph":0.03394924309884239,"pw":0.6622885129118433,"pm":0.06934550311665183,"pu":0.17865093499554763},"04":{"r":"white","tx":131522,"inc":86003,"pa":0.03491431091376348,"pb":0.025934824592083454,"ph":0.1635163698848862,"pw":0.6390489803987166,"pm":0.024140447985888294,"pu":0.11244506622466204},"05":{"r":"white","tx":39635,"inc":70082,"pa":0.018922669357890755,"pb":0.06161221142929229,"ph":0.05295824397628359,"pw":0.7366721332155923,"pm":0.01481014255077583,"pu":0.11502459947016526},"06":{"r":"white","tx":382761,"inc":140139,"pa":0.1757362949725808,"pb":0.030400171386322013,"ph":0.18630685989429435,"pw":0.4193765822536779,"pm":0.03616878417602629,"pu":0.15201130731709867},"08":{"r":"white","tx":114579,"inc":102625,"pa":0.03361872594454481,"pb":0.01941018860349628,"ph":0.09163982928808945,"pw":0.695729583955175,"pm":0.02357325513401234,"pu":0.1360284170746821},"09":{"r":"white","tx":41012,"inc":105585,"pa":0.04540134594752755,"pb":0.0610065346727787,"ph":0.09994635716375695,"pw":0.6535648102994246,"pm":0.01889690822198381,"pu":0.12118404369452843},"10":{"r":"white","tx":15471,"inc":93364,"pa":0.048736345420464094,"pb":0.13819404046280137,"ph":0.0477021524141943,"pw":0.6387434554973822,"pm":0.017904466421045828,"pu":0.10871953978411221},"11":{"r":"white","tx":8707,"inc":160499,"pa":0.06064086367290686,"pb":0.1359825427816699,"ph":0.04708854944297691,"pw":0.480762604800735,"pm":0.03847479039852992,"pu":0.23705064890318134},"12":{"r":"white","tx":342316,"inc":90741,"pa":0.028941095362179974,"pb":0.07345552063006111,"ph":0.18503079026396663,"pw":0.5872877691957139,"pm":0.01659285572395097,"pu":0.10869196882412742},"13":{"r":"white","tx":156343,"inc":83370,"pa":0.06391715650844618,"pb":0.18041101936127618,"ph":0.059452613804263706,"pw":0.5350799204313592,"pm":0.014756017218551519,"pu":0.14638327267610318},"15":{"r":"Highly Diverse","tx":13930,"inc":127971,"pa":0.31923905240488154,"pb":0.015793251974156496,"ph":0.034170854271356785,"pw":0.31665470208183777,"pm":0.10782483847810481,"pu":0.2063173007896626},"16":{"r":"white","tx":37314,"inc":75792,"pa":0.011550624430508655,"pb":0.003510746636651123,"ph":0.05681513640992657,"pw":0.802406603419628,"pm":0.02063568633756767,"pu":0.10508120276571796},"17":{"r":"white","tx":153760,"inc":90167,"pa":0.06223985431841832,"pb":0.06621357960457856,"ph":0.11363813735691987,"pw":0.646065296566077,"pm":0.016981009365244538,"pu":0.0948621227887617},"18":{"r":"white","tx":98768,"inc":68944,"pa":0.030880447108375182,"pb":0.04303013121658837,"ph":0.04259476753604406,"pw":0.7994188401101572,"pm":0.012686295156325935,"pu":0.07138951887250931},"19":{"r":"white","tx":49866,"inc":72660,"pa":0.023623310472065135,"pb":0.015822404042834796,"ph":0.031805238037941684,"pw":0.8115750210564312,"pm":0.014218104520113906,"pu":0.10295592187061324},"20":{"r":"white","tx":36988,"inc":79287,"pa":0.02744133232399697,"pb":0.022845247107169894,"ph":0.05685627771169028,"pw":0.7444576619444144,"pm":0.02200713744998378,"pu":0.12639234346274467},"21":{"r":"white","tx":56387,"inc":68303,"pa":0.020128753081384006,"pb":0.04009789490485396,"ph":0.027701420540195434,"pw":0.8049195736605955,"pm":0.011704825580364269,"pu":0.09544753223260681},"22":{"r":"white","tx":49210,"inc":78131,"pa":0.019284698232066654,"pb":0.15681771997561472,"ph":0.027352164194269456,"pw":0.6833367201788254,"pm":0.012558423084738875,"pu":0.10065027433448485},"23":{"r":"white","tx":18471,"inc":84776,"pa":0.01001570028693628,"pb":0.005901142331221915,"ph":0.007796004547669319,"pw":0.836500460180824,"pm":0.013209896594661902,"pu":0.1265767960586866},"24":{"r":"white","tx":83178,"inc":103404,"pa":0.07337276683738489,"pb":0.1990069489528481,"ph":0.07128086753708913,"pw":0.4906706100170718,"pm":0.02635312221981774,"pu":0.13931568443578832},"25":{"r":"white","tx":87845,"inc":122778,"pa":0.08271387102282429,"pb":0.040821902214127154,"ph":0.06926973646764187,"pw":0.6388525243326313,"pm":0.020285730548124537,"pu":0.1480562354146508},"26":{"r":"white","tx":131497,"inc":75251,"pa":0.03130109432154346,"pb":0.04809995665300349,"ph":0.025582332676791105,"pw":0.7831509464094238,"pm":0.012144763758869024,"pu":0.09972090618036913},"27":{"r":"white","tx":88247,"inc":84726,"pa":0.0494181105306696,"pb":0.03059594093850216,"ph":0.032828311444015094,"pw":0.7663036703797296,"pm":0.020419957618955886,"pu":0.10043400908812763},"28":{"r":"white","tx":29543,"inc":67244,"pa":0.013336492570151981,"pb":0.1904004332667637,"ph":0.023660427173949835,"pw":0.6772501100091393,"pm":0.010865518058423316,"pu":0.08448701892157194},"29":{"r":"white","tx":87844,"inc":77501,"pa":0.020809617048403988,"pb":0.04396430035062156,"ph":0.0229725422339602,"pw":0.7827853922863257,"pm":0.014946951413870042,"pu":0.11452119666681845},"30":{"r":"white","tx":15107,"inc":82944,"pa":0.0059575031442377704,"pb":0.0018534454226517508,"ph":0.0124445621235189,"pw":0.8620507049712054,"pm":0.016813397762626598,"pu":0.10088038657575958},"31":{"r":"white","tx":26974,"inc":78531,"pa":0.02728553421813598,"pb":0.018165640987617707,"ph":0.06320901608956773,"pw":0.7546897011937421,"pm":0.017943204567361162,"pu":0.11870690294357529},"32":{"r":"white","tx":56744,"inc":86179,"pa":0.09280276328774849,"pb":0.04751163118567602,"ph":0.1736218807274778,"pw":0.5057098547864092,"pm":0.03591569152685746,"pu":0.1444381784858311},"33":{"r":"white","tx":20522,"inc":98598,"pa":0.01949127765325017,"pb":0.006773218984504435,"ph":0.02324334860150083,"pw":0.7934411850696813,"pm":0.014667186434070754,"pu":0.1423837832569925},"34":{"r":"white","tx":103788,"inc":120539,"pa":0.10807607815932478,"pb":0.06267583921069873,"ph":0.10673680965044129,"pw":0.5727733456661657,"pm":0.018133117508767872,"pu":0.13160480980460168},"35":{"r":"white","tx":25300,"inc":75225,"pa":0.017549407114624507,"pb":0.013122529644268775,"ph":0.3140711462450593,"pw":0.5158498023715415,"pm":0.02624505928853755,"pu":0.11316205533596838},"36":{"r":"white","tx":145846,"inc":119190,"pa":0.11289305157494892,"pb":0.052624000658228545,"ph":0.06655650480643967,"pw":0.6258382129095073,"pm":0.018540103945257326,"pu":0.12354812610561826},"37":{"r":"white","tx":159888,"inc":85338,"pa":0.042579805864104876,"pb":0.09973231261883318,"ph":0.05233663564495147,"pw":0.674065595917142,"pm":0.017843740618432902,"pu":0.11344190933653557},"38":{"r":"white","tx":9554,"inc":79342,"pa":0.009629474565626963,"pb":0.009943479171027841,"ph":0.01706091689344777,"pw":0.8463470797571697,"pm":0.01632823948084572,"pu":0.10069081013188193},"39":{"r":"white","tx":148971,"inc":75684,"pa":0.03024749783514912,"pb":0.05339294225050513,"ph":0.021534392599901996,"pw":0.7916372985346141,"pm":0.01329117747749562,"pu":0.089896691302334},"40":{"r":"white","tx":50008,"inc":73546,"pa":0.026815709486482164,"pb":0.03019516877299632,"ph":0.05749080147176452,"pw":0.6516357382818749,"pm":0.053331466965285554,"pu":0.18053111502159655},"41":{"r":"white","tx":62510,"inc":95048,"pa":0.04701647736362182,"pb":0.008414653655415133,"ph":0.04901615741481363,"pw":0.7129739241721325,"pm":0.031562949928011515,"pu":0.15101583746600544},"42":{"r":"white","tx":143876,"inc":84710,"pa":0.049709472045372405,"pb":0.04692234980121771,"ph":0.04794406294308988,"pw":0.7233312018682755,"pm":0.014116322388723623,"pu":0.11797659095332091},"44":{"r":"white","tx":13847,"inc":91737,"pa":0.02426518379432368,"pb":0.04051419079945114,"ph":0.09626633927926627,"pw":0.7255723261356251,"pm":0.015093522062540622,"pu":0.09828843792879324},"45":{"r":"white","tx":86310,"inc":80558,"pa":0.019232997335187116,"pb":0.10806395550921098,"ph":0.033205885760630285,"pw":0.7104622871046229,"pm":0.013521028849496002,"pu":0.11551384544085273},"46":{"r":"white","tx":11853,"inc":73102,"pa":0.010883320678309289,"pb":0.010377119716527461,