{"01":{"r":"white","tx":28317,"inc":61067,"pa":0.014973337571070382,"pb":0.13659639086061376,"ph":0.018928558816258784,"pw":0.7705618533036692,"pm":0.005261856835116714,"pu":0.05367800261327118},"02":{"r":"white","tx":6385,"inc":81826,"pa":0.031166797180892717,"pb":0.017697729052466717,"ph":0.02913077525450274,"pw":0.7740015661707126,"pm":0.07454972592012529,"pu":0.07345340642129992},"04":{"r":"white","tx":56099,"inc":64203,"pa":0.032317866628638656,"pb":0.021408581258132945,"ph":0.1586659298739728,"pw":0.7036667320273089,"pm":0.008574127881067399,"pu":0.07536676233087934},"05":{"r":"white","tx":19019,"inc":56879,"pa":0.015090172984909826,"pb":0.06824754193175246,"ph":0.04669015195330985,"pw":0.8376360481623639,"pm":0.00683526999316473,"pu":0.025500814974499186},"06":{"r":"white","tx":237829,"inc":91656,"pa":0.14996068603912896,"pb":0.029025055817415032,"ph":0.2286264500964979,"pw":0.4791593960366482,"pm":0.012143178502201162,"pu":0.10108523350810877},"08":{"r":"white","tx":49424,"inc":75336,"pa":0.025635318873421818,"pb":0.02217546131434121,"ph":0.08686063450955002,"pw":0.7781442214308838,"pm":0.0056247976691485915,"pu":0.08155956620265459},"09":{"r":"white","tx":21476,"inc":102100,"pa":0.044701061650214195,"pb":0.04595827900912647,"ph":0.06318681318681318,"pw":0.7558204507357049,"pm":0.004004470106165022,"pu":0.08632892531197615},"10":{"r":"white","tx":5900,"inc":68911,"pa":0.041864406779661016,"pb":0.1264406779661017,"ph":0.03627118644067796,"pw":0.7066101694915254,"pm":0.00423728813559322,"pu":0.08457627118644068},"11":{"r":"white","tx":5140,"inc":124771,"pa":0.042801556420233464,"pb":0.14494163424124515,"ph":0.04669260700389105,"pw":0.522568093385214,"pm":0.003501945525291829,"pu":0.23949416342412452},"12":{"r":"white","tx":109609,"inc":69133,"pa":0.024861097172677427,"pb":0.0775210064866936,"ph":0.16446642155297467,"pw":0.6499192584550538,"pm":0.004506929175523908,"pu":0.07872528715707652},"13":{"r":"white","tx":59963,"inc":65914,"pa":0.04412721178059804,"pb":0.1852475693344229,"ph":0.048062972166169136,"pw":0.6310224638527092,"pm":0.004852992678818605,"pu":0.08668679018728216},"15":{"r":"asian","tx":6722,"inc":91423,"pa":0.4370722999107409,"pb":0.01576911633442428,"ph":0.036001190121987506,"pw":0.33918476643855994,"pm":0.09282951502529009,"pu":0.07914311216899732},"16":{"r":"white","tx":12489,"inc":54638,"pa":0.01417247177516214,"pb":0.0031227480182560653,"ph":0.0538073504684122,"pw":0.8762911361998559,"pm":0.007686764352630314,"pu":0.0449195291856834},"17":{"r":"white","tx":72288,"inc":78568,"pa":0.05122565294378043,"pb":0.05716024789729969,"ph":0.0951333554670208,"pw":0.7334135679504206,"pm":0.003403054448871182,"pu":0.05966412129260735},"18":{"r":"white","tx":45408,"inc":57913,"pa":0.020591085271317828,"pb":0.04043340380549683,"ph":0.030281007751937983,"pw":0.8622269203664552,"pm":0.004272374911909796,"pu":0.04219520789288231},"19":{"r":"white","tx":22575,"inc":60847,"pa":0.017408637873754153,"pb":0.010675526024363233,"ph":0.024496124031007753,"pw":0.8987375415282391,"pm":0.0020819490586932447,"pu":0.04660022148394241},"20":{"r":"white","tx":19692,"inc":67586,"pa":0.02244566321348771,"pb":0.022648791387365426,"ph":0.046719479991874875,"pw":0.8390717042453788,"pm":0.006093845216331505,"pu":0.06302051594556166},"21":{"r":"white","tx":24991,"inc":59696,"pa":0.012364451202432876,"pb":0.03433235964947381,"ph":0.018966828058100918,"pw":0.8743547677163779,"pm":0.0055620023208355004,"pu":0.054419591052779},"22":{"r":"white","tx":24953,"inc":67131,"pa":0.01747284895603735,"pb":0.13389171642688255,"ph":0.024085280327014787,"pw":0.766240532200537,"pm":0.0038071574560173127,"pu":0.054502464633511},"23":{"r":"white","tx":7234,"inc":62901,"pa":0.009538291401714128,"pb":0.002902958252695604,"ph":0.009952999723527785,"pw":0.9264583909317113,"pm":0.0031794304672380425,"pu":0.047967929223113076},"24":{"r":"white","tx":42699,"inc":90903,"pa":0.07121946649804445,"pb":0.18098784514859834,"ph":0.04599639335815827,"pw":0.5796388674207826,"pm":0.005409962762593971,"pu":0.11674746481182229},"25":{"r":"white","tx":43841,"inc":97494,"pa":0.06612531648456924,"pb":0.029926324673251067,"ph":0.04641773682169659,"pw":0.7672954540270523,"pm":0.0029652608289044502,"pu":0.08726990716452636},"26":{"r":"white","tx":56091,"inc":62538,"pa":0.026760086288352854,"pb":0.05050721149560536,"ph":0.02105507122354745,"pw":0.8453940917437736,"pm":0.0041183077499064025,"pu":0.05216523149881443},"27":{"r":"white","tx":40610,"inc":66447,"pa":0.04351145038167939,"pb":0.023639497660674712,"ph":0.020142821965033243,"pw":0.851514405318887,"pm":0.005589756217680374,"pu":0.05560206845604531},"28":{"r":"white","tx":12553,"inc":58181,"pa":0.015295148570062932,"pb":0.16211264239623993,"ph":0.014179877320162512,"pw":0.7763881143949654,"pm":0.003983111606787222,"pu":0.028041105711782043},"29":{"r":"white","tx":39208,"inc":61436,"pa":0.016782289328708427,"pb":0.04407263823709447,"ph":0.01838910426443583,"pw":0.859186900632524,"pm":0.0036982248520710057,"pu":0.05787084268516629},"30":{"r":"white","tx":5934,"inc":60342,"pa":0.006740815638692282,"pb":0.0042130097741826765,"ph":0.013818672059319177,"pw":0.9359622514324233,"pm":0.012976070104482642,"pu":0.0262891809908999},"31":{"r":"white","tx":13111,"inc":64900,"pa":0.016856075051483486,"pb":0.01571199755930135,"ph":0.039585081229501946,"pw":0.8698039813896727,"pm":0.003966135306231409,"pu":0.054076729463809016},"32":{"r":"white","tx":23760,"inc":58125,"pa":0.07356902356902358,"pb":0.044444444444444446,"ph":0.1635942760942761,"pw":0.6308922558922558,"pm":0.02058080808080808,"pu":0.06691919191919192},"33":{"r":"white","tx":8352,"inc":78226,"pa":0.018438697318007662,"pb":0.005268199233716475,"ph":0.016882183908045977,"pw":0.8815852490421456,"pm":0.0028735632183908046,"pu":0.07495210727969348},"34":{"r":"white","tx":47725,"inc":104882,"pa":0.11055002619172341,"pb":0.05605028810895757,"ph":0.09116815086432688,"pw":0.6407752750130958,"pm":0.004253535882661079,"pu":0.09720272393923521},"35":{"r":"white","tx":10687,"inc":67086,"pa":0.018807897445494527,"pb":0.013848601104145224,"ph":0.2865163282492748,"pw":0.6016655749976607,"pm":0.02049218676897165,"pu":0.058669411434453075},"36":{"r":"white","tx":86197,"inc":99264,"pa":0.09032796965091593,"pb":0.058517117765119434,"ph":0.05616204740304187,"pw":0.6988642296135597,"pm":0.004872559369815655,"pu":0.09125607619754748},"37":{"r":"white","tx":61322,"inc":67083,"pa":0.03086983464335801,"pb":0.1029157561723362,"ph":0.04164900035876194,"pw":0.744349499364013,"pm":0.0057401911222725935,"pu":0.07447571833925834},"38":{"r":"white","tx":6340,"inc":66049,"pa":0.005362776025236593,"pb":0.004258675078864353,"ph":0.011356466876971609,"pw":0.944006309148265,"pm":0.007097791798107256,"pu":0.027917981072555206},"39":{"r":"white","tx":66035,"inc":65493,"pa":0.019565381994396912,"pb":0.04468842280608768,"ph":0.016657832967365793,"pw":0.8437343832815931,"pm":0.003801014613462558,"pu":0.07155296433709396},"40":{"r":"white","tx":26616,"inc":61912,"pa":0.019612263300270515,"pb":0.031221821460775474,"ph":0.046400661256387137,"pw":0.7811091073038774,"pm":0.06473549744514577,"pu":0.05692064923354373},"41":{"r":"white","tx":24208,"inc":69760,"pa":0.04564606741573034,"pb":0.00788995373430271,"ph":0.04180436219431593,"pw":0.7976701916721745,"pm":0.010285855915399867,"pu":0.09670356906807667},"42":{"r":"white","tx":76249,"inc":71687,"pa":0.030282364358876837,"pb":0.04220383218140566,"ph":0.033547980957127306,"pw":0.823971461920812,"pm":0.0021770777321669793,"pu":0.06781728284961114},"44":{"r":"white","tx":5584,"inc":73614,"pa":0.020594555873925502,"pb":0.023459885386819486,"ph":0.07163323782234957,"pw":0.8175143266475645,"pm":0.0034025787965616047,"pu":0.06339541547277937},"45":{"r":"white","tx":29099,"inc":63292,"pa":0.01467404378157325,"pb":0.10034709096532526,"ph":0.02350596240420633,"pw":0.7692016907797519,"pm":0.0041582184954809445,"pu":0.08811299357366233},"46":{"r":"white","tx":6345,"inc":59436,"pa":0.005358550039401103,