{"01":{"r":"white","tx":38993,"inc":60858,"pa":0.013335726925345575,"pb":0.15366860718590516,"ph":0.01808016823532429,"pw":0.7603928910317237,"pm":0.004334111250737312,"pu":0.050188495370964016},"02":{"r":"white","tx":7436,"inc":81024,"pa":0.02891339429800968,"pb":0.017616998386229155,"ph":0.03671328671328671,"pw":0.791151156535772,"pm":0.059037116729424424,"pu":0.06656804733727811},"04":{"r":"white","tx":64542,"inc":71326,"pa":0.029407207709708408,"pb":0.02599857457159679,"ph":0.1631030956586409,"pw":0.6670849989154349,"pm":0.009606147934678195,"pu":0.10479997520994082},"05":{"r":"white","tx":23731,"inc":55325,"pa":0.012683831275546753,"pb":0.07593443175593106,"ph":0.04369811638784712,"pw":0.825839619063672,"pm":0.0054780666638574015,"pu":0.036365934853145675},"06":{"r":"white","tx":259047,"inc":101934,"pa":0.15150532528846117,"pb":0.027991059537458455,"ph":0.21290731025643994,"pw":0.48673792786637177,"pm":0.013572826552710512,"pu":0.10728555049855817},"08":{"r":"white","tx":62163,"inc":74509,"pa":0.023325772565674113,"pb":0.021186236185512283,"ph":0.09148528867654393,"pw":0.7700078825024532,"pm":0.005324710840853884,"pu":0.08867010922896257},"09":{"r":"white","tx":28738,"inc":97523,"pa":0.04377479295706034,"pb":0.05355278725033057,"ph":0.0653838123738604,"pw":0.7455981627113926,"pm":0.0046628157839794,"pu":0.08702762892337672},"10":{"r":"white","tx":7710,"inc":71731,"pa":0.03346303501945525,"pb":0.1476005188067445,"ph":0.04046692607003891,"pw":0.680674448767834,"pm":0.004669260700389105,"pu":0.09312581063553826},"11":{"r":"white","tx":5794,"inc":115769,"pa":0.03900586813945461,"pb":0.18916120124266483,"ph":0.04625474628926476,"pw":0.5056955471177079,"pm":0.003969623748705558,"pu":0.2159130134622023},"12":{"r":"white","tx":126410,"inc":75492,"pa":0.024816074677636264,"pb":0.08568942330511826,"ph":0.1606122933312238,"pw":0.630931097223321,"pm":0.006051736413258445,"pu":0.09189937504944229},"13":{"r":"white","tx":81865,"inc":67695,"pa":0.038490197276003175,"pb":0.21699138826116166,"ph":0.047724912966469184,"pw":0.5792463201612411,"pm":0.0044707750564954496,"pu":0.11307640627862946},"15":{"r":"asian","tx":7503,"inc":94460,"pa":0.42356390777022523,"pb":0.015727042516326804,"ph":0.03478608556577369,"pw":0.33026789284286284,"pm":0.1134212981474077,"pu":0.08223377315740371},"16":{"r":"white","tx":14413,"inc":59560,"pa":0.009227780475959204,"pb":0.004301672101574967,"ph":0.04655519322833553,"pw":0.8801776174287101,"pm":0.00707694442517172,"pu":0.05266079234024839},"17":{"r":"white","tx":98043,"inc":77185,"pa":0.050396254704568405,"pb":0.0688167436736942,"ph":0.07686423304060463,"pw":0.7416745713615455,"pm":0.0045184255887722735,"pu":0.05772977163081505},"18":{"r":"white","tx":56917,"inc":57312,"pa":0.01535569337807685,"pb":0.04543458017815415,"ph":0.03246833107858812,"pw":0.8557373016849096,"pm":0.0028111109158950754,"pu":0.0481929827643762},"19":{"r":"white","tx":26994,"inc":58476,"pa":0.01644809957768393,"pb":0.011484033488923464,"ph":0.025413054752908053,"pw":0.8870119285767207,"pm":0.0030747573534859597,"pu":0.056568126250277836},"20":{"r":"white","tx":27789,"inc":64694,"pa":0.024793983230774766,"pb":0.026269387167584295,"ph":0.05099139947461226,"pw":0.8208283853323257,"pm":0.005685702975997697,"pu":0.07143114181870525},"21":{"r":"white","tx":30256,"inc":58793,"pa":0.012493389740877842,"pb":0.039000528820729775,"ph":0.019004494976203067,"pw":0.8615150713907985,"pm":0.0037678476996298254,"pu":0.06421866737176098},"22":{"r":"white","tx":31915,"inc":65254,"pa":0.01742127526241579,"pb":0.15741814193952686,"ph":0.022246592511358295,"pw":0.7382108726304246,"pm":0.004323985586714711,"pu":0.06037913206955977},"23":{"r":"white","tx":7555,"inc":64331,"pa":0.009794837855724686,"pb":0.0030443414956982133,"ph":0.008603573792190603,"pw":0.900198544010589,"pm":0.0027796161482461948,"pu":0.07557908669755128},"24":{"r":"white","tx":47069,"inc":93279,"pa":0.05804244832055068,"pb":0.20586798104909812,"ph":0.04093989674732839,"pw":0.5719263209330983,"pm":0.005948713590686014,"pu":0.11727463935923857},"25":{"r":"white","tx":51016,"inc":92037,"pa":0.06260780931472479,"pb":0.03346009095185824,"ph":0.050239140661753175,"pw":0.763289948251529,"pm":0.0035675082327113064,"pu":0.08683550258742355},"26":{"r":"white","tx":61946,"inc":60205,"pa":0.023520485584218515,"pb":0.06678397313789429,"ph":0.023375197752881542,"pw":0.8253478836405902,"pm":0.004487779679075324,"pu":0.056484680205340136},"27":{"r":"white","tx":46280,"inc":68638,"pa":0.0391961970613656,"pb":0.020959377700950736,"ph":0.02156439066551426,"pw":0.8608686257562662,"pm":0.006331028522039758,"pu":0.05108038029386344},"28":{"r":"white","tx":17077,"inc":59638,"pa":0.012004450430403466,"pb":0.16894068044738536,"ph":0.014639573695613984,"pw":0.7577443344849798,"pm":0.0032792645078175324,"pu":0.04339169643379985},"29":{"r":"white","tx":52694,"inc":60864,"pa":0.01688996849736213,"pb":0.05066990549208639,"ph":0.01939499753292595,"pw":0.8283296010931036,"pm":0.00396629597297605,"pu":0.08074923141154591},"30":{"r":"white","tx":7627,"inc":61295,"pa":0.006031204929854464,"pb":0.003015602464927232,"ph":0.019142519994755473,"pw":0.922249901665137,"pm":0.015471351776583191,"pu":0.03408941916874263},"31":{"r":"white","tx":16133,"inc":61641,"pa":0.017169776235046178,"pb":0.02051695282960392,"ph":0.04295543296349098,"pw":0.8573730862207897,"pm":0.004896795388334469,"pu":0.05708795636273477},"32":{"r":"white","tx":30444,"inc":72885,"pa":0.06943896991196952,"pb":0.04201156221258705,"ph":0.16371041913020629,"pw":0.6191696229142031,"pm":0.018525817895151755,"pu":0.08714360793588227},"33":{"r":"white","tx":8962,"inc":80034,"pa":0.0201963847355501,"pb":0.00624860522204865,"ph":0.015733095291229637,"pw":0.8688908725730864,"pm":0.0032358848471323366,"pu":0.08569515733095291},"34":{"r":"white","tx":66279,"inc":106386,"pa":0.1067155509286501,"pb":0.06305164531752139,"ph":0.08183587561671117,"pw":0.6277252221669005,"pm":0.0046168469651020685,"pu":0.11605485900511474},"35":{"r":"white","tx":14693,"inc":67641,"pa":0.016130129993874635,"pb":0.01490505682978289,"ph":0.2799972776151909,"pw":0.594364663445178,"pm":0.0170829646770571,"pu":0.07751990743891649},"36":{"r":"white","tx":109421,"inc":102075,"pa":0.09467104120781203,"pb":0.05524533681834383,"ph":0.05664360588918032,"pw":0.6848959523309054,"pm":0.004907650268230047,"pu":0.10363641348552838},"37":{"r":"white","tx":90497,"inc":67260,"pa":0.02736002298418732,"pb":0.11341812435771352,"ph":0.04454291302474115,"pw":0.721968684044775,"pm":0.005624495839641093,"pu":0.08708575974894195},"38":{"r":"white","tx":6361,"inc":59139,"pa":0.008017607294450559,"pb":0.005345071529633706,"ph":0.009275271183776137,"pw":0.9254834145574595,"pm":0.01021851910077032,"pu":0.041660116333909765},"39":{"r":"white","tx":88119,"inc":62095,"pa":0.018032433413906195,"pb":0.05896571681476186,"ph":0.017204008216162234,"pw":0.837435740305723,"pm":0.0036881943735176297,"pu":0.06467390687592914},"40":{"r":"white","tx":35628,"inc":59617,"pa":0.01995621421353991,"pb":0.03682496912540698,"ph":0.042635006174918604,"pw":0.7987818569664309,"pm":0.04914673852026496,"pu":0.05265521499943864},"41":{"r":"white","tx":28738,"inc":74072,"pa":0.04328763309903264,"pb":0.009360428700675064,"ph":0.04387918435520913,"pw":0.8221518546871738,"pm":0.010230357018581668,"pu":0.07109054213932772},"42":{"r":"white","tx":100595,"inc":70993,"pa":0.03404741786371092,"pb":0.05147373129877231,"ph":0.03727819474128933,"pw":0.7955067349271833,"pm":0.0027436751329588944,"pu":0.07895024603608529},"44":{"r":"white","tx":6781,"inc":76110,"pa":0.026102344786904586,"pb":0.03214865064149831,"ph":0.08214127709777319,"pw":0.787936882465713,"pm":0.0026544757410411446,"pu":0.06901636926706975},"45":{"r":"white","tx":39700,"inc":64458,"pa":0.014685138539042821,"pb":0.10843828715365239,"ph":0.02682619647355164,"pw":0.7465239294710327,"pm":0.003753148614609572,"pu":0.09977329974811083},"46":{"r":"white","tx":7985,"inc":57085,"pa":0.007764558547276142,"pb":0.004758922980588604,