{"01":{"r":"white","tx":40401,"inc":66466,"pa":0.01856389693324423,"pb":0.1289819558921809,"ph":0.02299448033464518,"pw":0.786762703893468,"pm":0.0051236355535754065,"pu":0.03757332739288632},"02":{"r":"white","tx":8796,"inc":87860,"pa":0.04035925420645748,"pb":0.018190086402910415,"ph":0.03774442928603911,"pw":0.719531605275125,"pm":0.08015006821282401,"pu":0.10402455661664393},"04":{"r":"white","tx":85671,"inc":74903,"pa":0.03401384365771381,"pb":0.025014298887604907,"ph":0.18726290109838803,"pw":0.6809188640263333,"pm":0.0092446685576216,"pu":0.06354542377233836},"05":{"r":"white","tx":25474,"inc":64809,"pa":0.0182146502316087,"pb":0.06594959566616942,"ph":0.05032582240716024,"pw":0.8278244484572506,"pm":0.007772630917798539,"pu":0.029912852320012562},"06":{"r":"white","tx":291735,"inc":117423,"pa":0.15465405247913347,"pb":0.031213258607983272,"ph":0.21081803691706513,"pw":0.49181963082934854,"pm":0.011407613073508491,"pu":0.10008740809296107},"08":{"r":"white","tx":90554,"inc":86933,"pa":0.032334297767078204,"pb":0.02198688075623385,"ph":0.09646177971155333,"pw":0.7561675906089185,"pm":0.007277425624489255,"pu":0.08577202553172693},"09":{"r":"white","tx":29227,"inc":106376,"pa":0.04482156909706778,"pb":0.055428199952099085,"ph":0.07965237622746091,"pw":0.743901187258357,"pm":0.00417422246552845,"pu":0.07202244499948678},"10":{"r":"white","tx":9484,"inc":75872,"pa":0.04112188949810207,"pb":0.14740615773935048,"ph":0.051244200759173346,"pw":0.6820961619569802,"pm":0.004955714888232813,"pu":0.07317587515816111},"11":{"r":"white","tx":6847,"inc":141800,"pa":0.057835548415364396,"pb":0.12618665108806776,"ph":0.04790419161676647,"pw":0.5193515408207974,"pm":0.004235431575872645,"pu":0.2444866364831313},"12":{"r":"white","tx":214313,"inc":78678,"pa":0.02634464544847956,"pb":0.07044836290845632,"ph":0.18642359539551964,"pw":0.6375628170013018,"pm":0.005212003004950703,"pu":0.07400857624129194},"13":{"r":"white","tx":107769,"inc":77636,"pa":0.05863467230836326,"pb":0.16542790598409562,"ph":0.05965537399437686,"pw":0.6118085905965538,"pm":0.0048344143492098845,"pu":0.09963904276740064},"15":{"r":"Highly Diverse","tx":9265,"inc":103871,"pa":0.3785213167835942,"pb":0.025903939557474363,"ph":0.04835402050728548,"pw":0.3614678899082569,"pm":0.08310847274689692,"pu":0.10264436049649217},"16":{"r":"white","tx":24054,"inc":64088,"pa":0.01309553504614617,"pb":0.0037831545688866717,"ph":0.05816080485574125,"pw":0.8620603641805936,"pm":0.008189906044732685,"pu":0.05471023530389956},"17":{"r":"white","tx":121594,"inc":86300,"pa":0.057840025001233614,"pb":0.05603072520025659,"ph":0.10669934371761765,"pw":0.7184071582479399,"pm":0.003955787292136125,"pu":0.057066960540816156},"18":{"r":"white","tx":73417,"inc":63751,"pa":0.023713853739597095,"pb":0.03911900513505046,"ph":0.03831537654766607,"pw":0.846493318986066,"pm":0.004835392347821349,"pu":0.04752305324379912},"19":{"r":"white","tx":34319,"inc":68200,"pa":0.023456394417086746,"pb":0.01261691774235846,"ph":0.03199393921734316,"pw":0.8756956787785192,"pm":0.0031178064628922756,"pu":0.05311926338180017},"20":{"r":"white","tx":29669,"inc":75210,"pa":0.02655970878694934,"pb":0.02231285179817318,"ph":0.05642252856516903,"pw":0.8283056388823351,"pm":0.008190367049782602,"pu":0.05820890491759075},"21":{"r":"white","tx":38874,"inc":65464,"pa":0.01584606677985286,"pb":0.038200339558573854,"ph":0.022019859031743583,"pw":0.8571796059062613,"pm":0.005916550908061944,"pu":0.060837577815506506},"22":{"r":"white","tx":38262,"inc":75289,"pa":0.02059484606136637,"pb":0.13593121112330772,"ph":0.02867074381893262,"pw":0.7755736762322931,"pm":0.0050964403324447235,"pu":0.03413308243165543},"23":{"r":"white","tx":11319,"inc":69333,"pa":0.010866684336072092,"pb":0.005477515681597314,"ph":0.008746355685131196,"pw":0.9010513296227582,"pm":0.004947433518862091,"pu":0.06891068115557912},"24":{"r":"white","tx":61897,"inc":96450,"pa":0.0781621080181592,"pb":0.18655185227070778,"ph":0.07362230802785272,"pw":0.5409470572079422,"pm":0.005040632017706836,"pu":0.11567604245763123},"25":{"r":"white","tx":65380,"inc":107077,"pa":0.07620067298868155,"pb":0.03589782808198226,"ph":0.06257265218721321,"pw":0.737519118996635,"pm":0.002844906699296421,"pu":0.08496482104619149},"26":{"r":"white","tx":98430,"inc":69390,"pa":0.028345016763181956,"pb":0.042923905313420704,"ph":0.02505333739713502,"pw":0.8348978969826273,"pm":0.004825764502692269,"pu":0.0639540790409428},"27":{"r":"white","tx":71256,"inc":77290,"pa":0.045834736723925004,"pb":0.02377343662288088,"ph":0.02756259122038846,"pw":0.8417115751656001,"pm":0.005248680812843831,"pu":0.055868979454361735},"28":{"r":"white","tx":17432,"inc":65450,"pa":0.013136759981642956,"pb":0.16659017898118403,"ph":0.020594309316200092,"pw":0.7654313905461221,"pm":0.0026388251491509867,"pu":0.031608536025699865},"29":{"r":"white","tx":63880,"inc":69390,"pa":0.01812773951158422,"pb":0.042579837194740136,"ph":0.023418910457107076,"pw":0.8598935504070131,"pm":0.0048841577958672515,"pu":0.051095804633688166},"30":{"r":"white","tx":10961,"inc":68998,"pa":0.005747650761791808,"pb":0.003922999726302345,"ph":0.014962138491013594,"pw":0.9192591916795912,"pm":0.012772557248426238,"pu":0.04333546209287474},"31":{"r":"white","tx":21644,"inc":71973,"pa":0.02476436887821105,"pb":0.020513768249861394,"ph":0.05156163370911107,"pw":0.8379227499537978,"pm":0.004943633339493624,"pu":0.06029384586952504},"32":{"r":"white","tx":35922,"inc":72741,"pa":0.07755692890150882,"pb":0.044485273648460555,"ph":0.19400367462836146,"pw":0.6032236512443628,"pm":0.016285284783698013,"pu":0.06444518679360837},"33":{"r":"white","tx":14177,"inc":87285,"pa":0.019750299781335967,"pb":0.008393877407067787,"ph":0.023911970092403187,"pw":0.8625943429498484,"pm":0.004584891020667278,"pu":0.08076461874867744},"34":{"r":"white","tx":70047,"inc":113150,"pa":0.1216326180992762,"pb":0.05853212842805545,"ph":0.10474395762844947,"pw":0.618299142004654,"pm":0.003925935443345183,"pu":0.09286621839621968},"35":{"r":"white","tx":15239,"inc":70731,"pa":0.01948946781284861,"pb":0.015224096069295886,"ph":0.3158999934378896,"pw":0.5555482643218059,"pm":0.0227049018964499,"pu":0.07113327646171008},"36":{"r":"white","tx":109428,"inc":108418,"pa":0.09047958474978982,"pb":0.05533318711847059,"ph":0.06383192601527946,"pw":0.700807837116643,"pm":0.0042767847351683295,"pu":0.0852706802646489},"37":{"r":"white","tx":108344,"inc":76039,"pa":0.038073174333604076,"pb":0.09809495680425312,"ph":0.04934283393635088,"pw":0.7403824854168205,"pm":0.005556375987595068,"pu":0.06855017352137635},"38":{"r":"white","tx":8665,"inc":76062,"pa":0.014079630698211195,"pb":0.006693594922100404,"ph":0.013387189844200807,"pw":0.9137911136757069,"pm":0.010732833237160993,"pu":0.041315637622619736},"39":{"r":"white","tx":111653,"inc":70926,"pa":0.02403876295307784,"pb":0.047181893903432956,"ph":0.020554754462486453,"pw":0.8330362820524303,"pm":0.00453189793377697,"pu":0.07065640869479549},"40":{"r":"white","tx":34854,"inc":70702,"pa":0.024846502553508922,"pb":0.03508922935674528,"ph":0.05812819188615367,"pw":0.7556378034085041,"pm":0.0781832788202215,"pu":0.048114993974866585},"41":{"r":"white","tx":49974,"inc":81927,"pa":0.0475847440669148,"pb":0.010845639732660983,"ph":0.04992596149997999,"pw":0.7712010245327571,"pm":0.01148597270580702,"pu":0.10895665746188017},"42":{"r":"white","tx":106871,"inc":78573,"pa":0.03739087310870114,"pb":0.043847255101945336,"ph":0.037568657540399175,"pw":0.8037634157067867,"pm":0.002863265057873511,"pu":0.07456653348429415},"44":{"r":"white","tx":9171,"inc":79139,"pa":0.023116345000545196,"pb":0.027805037618580306,"ph":0.08679533311525461,"pw":0.8079816813869807,"pm":0.0030531021698833277,"pu":0.05124850070875586},"45":{"r":"white","tx":55719,"inc":70198,"pa":0.017283152963979972,"pb":0.09567651967910408,"ph":0.030079506093074176,"pw":0.786212961467363,"pm":0.004738060625639369,"pu":0.06600979917083939},"46":{"r":"white","tx":9216,"inc":66182,"pa":0.011501736111111112,