{"01":{"r":"white","tx":49909,"inc":68300,"pa":0.01917489831493318,"pb":0.13620789837504257,"ph":0.0261876615440101,"pw":0.7663347292071571,"pm":0.00635155983890681,"pu":0.04574325271995031},"02":{"r":"white","tx":8207,"inc":87461,"pa":0.03826002193249665,"pb":0.019008163762641646,"ph":0.041184354819056905,"pw":0.7111002802485683,"pm":0.07859144632630681,"pu":0.11185573291092969},"04":{"r":"white","tx":107169,"inc":78775,"pa":0.0345808955948082,"pb":0.03055921021937314,"ph":0.1943659080517687,"pw":0.655413412460693,"pm":0.010105534249643087,"pu":0.07497503942371395},"05":{"r":"white","tx":29636,"inc":66388,"pa":0.02024564718585504,"pb":0.06998245377243893,"ph":0.057565123498447834,"pw":0.7961938183290592,"pm":0.009211769469564044,"pu":0.0468011877446349},"06":{"r":"white","tx":319557,"inc":126998,"pa":0.17078643246744712,"pb":0.03477939772873071,"ph":0.2119434091570518,"pw":0.4606627299667978,"pm":0.012091739501872905,"pu":0.10973629117809969},"08":{"r":"white","tx":96706,"inc":92040,"pa":0.03828097532728062,"pb":0.02565507827849358,"ph":0.10449196533824168,"pw":0.7303476516451927,"pm":0.007517630757140198,"pu":0.09370669865365128},"09":{"r":"white","tx":36226,"inc":101934,"pa":0.04836305415999558,"pb":0.06705128912935461,"ph":0.09926572075305029,"pw":0.6917959476619003,"pm":0.004665157621597748,"pu":0.08885883067410147},"10":{"r":"white","tx":11795,"inc":76513,"pa":0.04391691394658754,"pb":0.16506994489190335,"ph":0.05570156846121238,"pw":0.6513777024162781,"pm":0.005849936413734633,"pu":0.07808393387028402},"11":{"r":"white","tx":7650,"inc":152344,"pa":0.0677124183006536,"pb":0.13908496732026143,"ph":0.05542483660130719,"pw":0.5186928104575164,"pm":0.004836601307189542,"pu":0.2142483660130719},"12":{"r":"white","tx":263288,"inc":80641,"pa":0.028144085564097112,"pb":0.08167102184679895,"ph":0.203864209534806,"pw":0.6017972714290055,"pm":0.0054806903466925955,"pu":0.07904272127859986},"13":{"r":"white","tx":131041,"inc":79361,"pa":0.059088376920200546,"pb":0.18914690821956487,"ph":0.064895719660259,"pw":0.5707679275951801,"pm":0.005731030746102365,"pu":0.11037003685869308},"15":{"r":"Highly Diverse","tx":10806,"inc":108453,"pa":0.36424208772903943,"pb":0.02674440125856006,"ph":0.05108273181565797,"pw":0.33638719230057373,"pm":0.09309642791042014,"pu":0.12844715898574866},"16":{"r":"white","tx":27983,"inc":68039,"pa":0.013579673373119393,"pb":0.004752885680591788,"ph":0.06436050459207376,"pw":0.8429403566451059,"pm":0.009184147518136012,"pu":0.0651824321909731},"17":{"r":"white","tx":138162,"inc":89097,"pa":0.06447503655129486,"pb":0.06667535212287025,"ph":0.11884599238575007,"pw":0.6874031933527308,"pm":0.003836076489917633,"pu":0.058764349097436344},"18":{"r":"white","tx":86365,"inc":66064,"pa":0.02643431945811382,"pb":0.04546980837144677,"ph":0.044960342731430555,"pw":0.8312742430382678,"pm":0.003948358710125629,"pu":0.04791292769061541},"19":{"r":"white","tx":38417,"inc":70173,"pa":0.024234063045006117,"pb":0.016893562745659473,"ph":0.03823827992815681,"pw":0.8547257724444908,"pm":0.00377437072129526,"pu":0.06213395111539163},"20":{"r":"white","tx":31970,"inc":77294,"pa":0.030059430716296527,"pb":0.025023459493274947,"ph":0.06315295589615265,"pw":0.7944010009383797,"pm":0.01019705974350954,"pu":0.07716609321238661},"21":{"r":"white","tx":45863,"inc":66824,"pa":0.019558249569369645,"pb":0.04461112443581972,"ph":0.02910843163334278,"pw":0.8459542550639949,"pm":0.004120968972810326,"pu":0.05664697032466258},"22":{"r":"white","tx":37090,"inc":75710,"pa":0.023213804259908332,"pb":0.16527365866810462,"ph":0.03407926664869237,"pw":0.7157185225128067,"pm":0.005392289026691831,"pu":0.056322458883796174},"23":{"r":"white","tx":13908,"inc":72164,"pa":0.011432269197584125,"pb":0.007190106413574921,"ph":0.013014092608570607,"pw":0.8786310037388554,"pm":0.005752085130859937,"pu":0.08398044291055508},"24":{"r":"white","tx":73812,"inc":98812,"pa":0.07607164146751205,"pb":0.2104535847829621,"ph":0.07928250149027258,"pw":0.5152956158890153,"pm":0.006137213461225817,"pu":0.11275944290901209},"25":{"r":"white","tx":73817,"inc":111704,"pa":0.08420824471327742,"pb":0.04326916563935137,"ph":0.07759730143462888,"pw":0.694474172616064,"pm":0.003698335071866914,"pu":0.09675278052481136},"26":{"r":"white","tx":114836,"inc":72579,"pa":0.03404855620188791,"pb":0.047929220801839145,"ph":0.027796161482461945,"pw":0.8059754780730781,"pm":0.004745898498728622,"pu":0.07950468494200424},"27":{"r":"white","tx":78567,"inc":80555,"pa":0.05195565568241119,"pb":0.03225272697188387,"ph":0.03409828553973042,"pw":0.8155841511066988,"pm":0.006694922804739904,"pu":0.059414257894535874},"28":{"r":"white","tx":22645,"inc":66360,"pa":0.015367630823581365,"pb":0.18335173327445353,"ph":0.025391918745860012,"pw":0.7305365422830647,"pm":0.00463678516228748,"pu":0.040715389710752926},"29":{"r":"white","tx":74611,"inc":70891,"pa":0.021417753414375896,"pb":0.048719357735454556,"ph":0.02691292168715069,"pw":0.843092841538111,"pm":0.005964268003377518,"pu":0.053892857621530336},"30":{"r":"white","tx":11804,"inc":72718,"pa":0.006607929515418502,"pb":0.004151135208403931,"ph":0.021094544222297527,"pw":0.9002033209081667,"pm":0.015333785157573703,"pu":0.05260928498813961},"31":{"r":"white","tx":22175,"inc":75162,"pa":0.030755355129650507,"pb":0.022953776775648253,"ph":0.06056369785794814,"pw":0.8202029312288613,"pm":0.0059977452085682075,"pu":0.059526493799323565},"32":{"r":"white","tx":45552,"inc":78108,"pa":0.07810853530031613,"pb":0.05200649806814191,"ph":0.1900465402177731,"pw":0.5797550052687039,"pm":0.020021074815595362,"pu":0.08006234632946961},"33":{"r":"white","tx":17079,"inc":90802,"pa":0.02330347210024006,"pb":0.008372855553603842,"ph":0.02652380115931846,"pw":0.8283271854324024,"pm":0.005679489431465542,"pu":0.10779319632296973},"34":{"r":"white","tx":86243,"inc":113021,"pa":0.11588186867339959,"pb":0.067077907772225,"ph":0.119893788481384,"pw":0.5927321637698132,"pm":0.004093085815660402,"pu":0.10032118548751782},"35":{"r":"white","tx":17395,"inc":73331,"pa":0.02115550445530325,"pb":0.018108651911468814,"ph":0.32963495257257835,"pw":0.5311296349525726,"pm":0.021730382293762576,"pu":0.07824087381431445},"36":{"r":"white","tx":123202,"inc":112729,"pa":0.11071248843362932,"pb":0.0562572036168244,"ph":0.07361893475755264,"pw":0.6524488238827292,"pm":0.004861934059512021,"pu":0.10210061524975243},"37":{"r":"white","tx":130260,"inc":78733,"pa":0.04115614923998157,"pb":0.11021034853370183,"ph":0.05779210809150929,"pw":0.7111546138492246,"pm":0.006763396284354368,"pu":0.07292338400122832},"38":{"r":"white","tx":8087,"inc":77591,"pa":0.011623593421540745,"pb":0.011252627674044764,"ph":0.017435390132311115,"pw":0.9129467045876097,"pm":0.011870903919871398,"pu":0.03487078026462223},"39":{"r":"white","tx":133596,"inc":73243,"pa":0.03009072127908021,"pb":0.05588490673373454,"ph":0.022957274169885324,"pw":0.8166636725650469,"pm":0.003907302613850714,"pu":0.07049612263840235},"40":{"r":"white","tx":37215,"inc":70719,"pa":0.027703882842939676,"pb":0.03799543194948274,"ph":0.064167674324869,"pw":0.7240360069864302,"pm":0.07784495499126697,"pu":0.06825204890501142},"41":{"r":"white","tx":51537,"inc":87933,"pa":0.05134175446766401,"pb":0.010594330286978287,"ph":0.05594039233948425,"pw":0.7510332382560102,"pm":0.013175000485088384,"pu":0.11791528416477483},"42":{"r":"white","tx":121989,"inc":81270,"pa":0.04447942027559862,"pb":0.05169318545114723,"ph":0.04869291493495315,"pw":0.7714711982227905,"pm":0.003467525760519391,"pu":0.08019575535499103},"44":{"r":"white","tx":11562,"inc":82579,"pa":0.02637951911434008,"pb":0.03788271925272444,"ph":0.10015568240788791,"pw":0.7626708181975437,"pm":0.0042380211036152915,"pu":0.0686732399238886},"45":{"r":"white","tx":68225,"inc":72457,"pa":0.020447050201539026,"pb":0.10820080615610114,"ph":0.036804690362770245,"pw":0.7464565775009161,"pm":0.005481861487724441,"pu":0.08260901429094906},"46":{"r":"white","tx":10056,"inc":69949,"pa":0.012330946698488464,